"Comment","Designator","Footprint","LCSC Part #"
"100n","C1","Capacitor_SMD:C_0805_2012Metric","C106243"
"1u","C2","Capacitor_SMD:C_0805_2012Metric","C91185"
"100n","C3","Capacitor_SMD:C_0805_2012Metric","C106243"
"100n","C4","Capacitor_SMD:C_0805_2012Metric","C106243"
"100n","C5","Capacitor_SMD:C_0805_2012Metric","C106243"
"100n","C6","Capacitor_SMD:C_0805_2012Metric","C106243"
"100n","C7","Capacitor_SMD:C_0805_2012Metric","C106243"
"10u 50V X7R","C9","Capacitor_SMD:C_1206_3216Metric","C303950"
"100n 50V X7R","C10","Capacitor_SMD:C_0603_1608Metric","C286510"
"10u 25V X5R","C11","Capacitor_SMD:C_0805_2012Metric","C15850"
"100n","C12","Capacitor_SMD:C_0805_2012Metric","C106243"
"10u 25V X5R","C13","Capacitor_SMD:C_0805_2012Metric","C15850"
"100n","C14","Capacitor_SMD:C_0805_2012Metric","C106243"
"100n 50V X8L","C15","Capacitor_SMD:C_0603_1608Metric","C161181"
"22u 25V X7R","C16","Capacitor_SMD:C_1210_3225Metric","C309062"
"22u 25V X7R","C17","Capacitor_SMD:C_1210_3225Metric","C309062"
"100pF","C18","Capacitor_SMD:C_0402_1005Metric","C1546"
"100pF","C19","Capacitor_SMD:C_0402_1005Metric","C1546"
"1u 50V X7R","C20","Capacitor_SMD:C_0805_2012Metric","C91185"
"1u 50V X7R","C21","Capacitor_SMD:C_0805_2012Metric","C91185"
"22nF","C22","Capacitor_SMD:C_0402_1005Metric","C1532"
"22nF","C23","Capacitor_SMD:C_0402_1005Metric","C1532"
"100nF","C24","Capacitor_SMD:C_0805_2012Metric","C106243"
"100nF","C25","Capacitor_SMD:C_0805_2012Metric","C106243"
"BAV99","D1","Package_TO_SOT_SMD:SOT-23","C2500"
"BAV99","D2","Package_TO_SOT_SMD:SOT-23","C2500"
"BAV99","D3","Package_TO_SOT_SMD:SOT-23","C2500"
"GRN","D4","LED_SMD:LED_0805_2012Metric","C2297"
"RED","D5","LED_SMD:LED_0805_2012Metric","C84256"
"YLW","D6","LED_SMD:LED_0805_2012Metric","C2296"
"BAV99","D9","Package_TO_SOT_SMD:SOT-23","C2500"
"PMEG2010ER","D11","Diode_SMD:Nexperia_CFP3_SOD-123W","C82288"
"MBR0540-TP","D14","Diode_SMD:D_SOD-123","C78744"
"MBR0540-TP","D15","Diode_SMD:D_SOD-123","C78744"
"MBR0540-TP","D16","Diode_SMD:D_SOD-123","C78744"
"MBR0540-TP","D17","Diode_SMD:D_SOD-123","C78744"
"SMF16A","D18","Diode_SMD:D_SOD-123F","C399290"
"PMEG2010ER","D19","Diode_SMD:Nexperia_CFP3_SOD-123W","C82288"
"MF-MSMF075/24-2","F1","Fuse:Fuse_1812_4532Metric","C208467"
"MF-MSMF075/24-2","F2","Fuse:Fuse_1812_4532Metric","C208467"
"8P8C","J1","OnionStraws:RJ45_EVERCOM_5301-8P8C_Horizontal","C3097717"
"RECOVERY","J2","OnionStraws:Recovery_Header_2x3_P2.54mm_Vertical","C42391552"
"Socket_XIAO_A","J5","GEA_Rev3C:Socket_1x07_P2.54mm_HCTL_PM254","C2897370"
"Socket_XIAO_B","J6","GEA_Rev3C:Socket_1x07_P2.54mm_HCTL_PM254","C2897370"
"4.7uH","L1","Inductor_SMD:L_Panasonic_PCC-M0530M","C412309"
"CJ3407","Q3","Package_TO_SOT_SMD:SOT-23","C15903"
"CJ3407","Q4","Package_TO_SOT_SMD:SOT-23","C15903"
"MMBT3904","Q5","Package_TO_SOT_SMD:SOT-23","C20526"
"10K","R1","Resistor_SMD:R_0805_2012Metric","C17414"
"10K","R2","Resistor_SMD:R_0805_2012Metric","C17414"
"220","R4","Resistor_SMD:R_0805_2012Metric","C17557"
"10K","R5","Resistor_SMD:R_0805_2012Metric","C17414"
"220","R6","Resistor_SMD:R_0805_2012Metric","C17557"
"220","R7","Resistor_SMD:R_0805_2012Metric","C17557"
"1K","R10","Resistor_SMD:R_0805_2012Metric","C17513"
"1K","R11","Resistor_SMD:R_0805_2012Metric","C17513"
"1K","R12","Resistor_SMD:R_0805_2012Metric","C17513"
"1K","R13","Resistor_SMD:R_0805_2012Metric","C17513"
"10K","R14","Resistor_SMD:R_0805_2012Metric","C17414"
"10K","R15","Resistor_SMD:R_0805_2012Metric","C17414"
"10K","R16","Resistor_SMD:R_0805_2012Metric","C17414"
"10K","R17","Resistor_SMD:R_0805_2012Metric","C17414"
"220k","R18","Resistor_SMD:R_0805_2012Metric","C104108"
"10K","R19","Resistor_SMD:R_0805_2012Metric","C17414"
"10K","R20","Resistor_SMD:R_0805_2012Metric","C17414"
"220k","R21","Resistor_SMD:R_0805_2012Metric","C104108"
"4K7","R22","Resistor_SMD:R_0805_2012Metric","C17673"
"1K","R23","Resistor_SMD:R_0805_2012Metric","C17513"
"1K","R24","Resistor_SMD:R_0805_2012Metric","C17513"
"1K","R25","Resistor_SMD:R_0805_2012Metric","C17513"
"5.1k","R31","Resistor_SMD:R_0805_2012Metric","C27834"
"5.1k","R32","Resistor_SMD:R_0805_2012Metric","C27834"
"51R","R33","Resistor_SMD:R_0805_2012Metric","C17738"
"51R","R34","Resistor_SMD:R_0805_2012Metric","C17738"
"10k","R35","Resistor_SMD:R_0805_2012Metric","C17414"
"10k","R36","Resistor_SMD:R_0805_2012Metric","C17414"
"10k","R37","Resistor_SMD:R_0805_2012Metric","C17414"
"74LVC2G07","U4","Package_TO_SOT_SMD:SOT-23-6","C151607"
"74LVC2G07_3v3","U5","Package_TO_SOT_SMD:SOT-23-6","C151607"
"AP63205WU","U8","Package_TO_SOT_SMD:TSOT-23-6","C2071056"
"TPS22810DBVR","U9","Package_TO_SOT_SMD:SOT-23-6","C205990"
"TPS22810DBVR","U10","Package_TO_SOT_SMD:SOT-23-6","C205990"
