Designator,MidX,MidY,Rotation,Layer
C1,33.000000,-15.500000,0.000000,Top
C2,83.000000,-24.000000,0.000000,Top
C3,88.000000,-24.000000,0.000000,Top
C4,33.000000,-22.000000,180.000000,Top
C5,83.000000,-28.000000,0.000000,Top
C6,88.000000,-28.000000,0.000000,Top
C7,93.000000,-28.000000,0.000000,Top
C9,49.500000,-34.000000,180.000000,Top
C10,50.000000,-37.000000,0.000000,Top
C11,81.000000,-38.000000,0.000000,Top
C12,30.000000,-37.000000,0.000000,Top
C13,93.000000,-24.000000,0.000000,Top
C14,88.000000,-34.000000,0.000000,Top
C15,57.000000,-31.300000,0.000000,Top
C16,66.500000,-33.500000,90.000000,Top
C17,70.500000,-33.500000,90.000000,Top
C18,55.000000,-3.000000,0.000000,Top
C19,55.000000,-17.500000,0.000000,Top
C20,60.800000,-8.000000,-90.000000,Top
C21,60.000000,-22.500000,-90.000000,Top
C24,70.000000,-4.500000,0.000000,Top
C25,70.000000,-19.000000,0.000000,Top
D1,22.000000,-9.000000,0.000000,Top
D2,22.000000,-15.500000,0.000000,Top
D3,22.000000,-22.000000,0.000000,Top
D4,84.000000,-26.000000,0.000000,Top
D5,84.000000,-30.000000,0.000000,Top
D6,88.000000,-26.000000,0.000000,Top
D9,35.000000,-19.000000,0.000000,Top
D11,76.000000,-37.000000,0.000000,Top
D14,73.000000,-8.000000,0.000000,Top
D15,73.000000,-22.500000,0.000000,Top
D16,60.000000,-3.000000,0.000000,Top
D17,60.000000,-17.500000,0.000000,Top
D18,58.000000,-14.000000,0.000000,Top
D20,47.000000,-15.000000,0.000000,Top
F1,45.500000,-21.500000,0.000000,Top
F2,45.500000,-7.000000,0.000000,Top
J1,8.645000,-16.995000,-90.000000,Top
J5,95.510000,-5.297500,0.000000,Top
J6,80.270000,-20.537500,180.000000,Top
L1,60.200000,-36.000000,0.000000,Top
Q3,52.000000,-7.000000,0.000000,Top
Q4,52.000000,-21.500000,0.000000,Top
Q5,57.000000,-25.000000,0.000000,Top
R1,28.000000,-7.000000,0.000000,Top
R2,32.000000,-4.000000,0.000000,Top
R4,78.000000,-26.000000,0.000000,Top
R5,40.000000,-4.000000,0.000000,Top
R6,78.000000,-30.000000,0.000000,Top
R7,88.000000,-30.000000,0.000000,Top
R10,35.000000,-13.000000,0.000000,Top
R11,38.000000,-15.000000,0.000000,Top
R12,25.000000,-3.000000,0.000000,Top
R13,39.000000,-11.500000,0.000000,Top
R14,43.000000,-13.000000,0.000000,Top
R15,43.000000,-16.000000,0.000000,Top
R16,32.000000,-10.000000,0.000000,Top
R17,43.000000,-10.000000,0.000000,Top
R18,39.000000,-19.000000,0.000000,Top
R19,39.000000,-22.500000,0.000000,Top
R20,35.000000,-26.000000,0.000000,Top
R21,39.000000,-26.000000,0.000000,Top
R22,43.000000,-25.000000,0.000000,Top
R23,25.000000,-26.000000,0.000000,Top
R24,38.000000,-7.500000,0.000000,Top
R25,44.000000,-27.500000,0.000000,Top
R31,50.000000,-3.000000,0.000000,Top
R32,50.000000,-17.500000,0.000000,Top
R33,55.500000,-5.300000,180.000000,Top
R34,55.500000,-19.800000,180.000000,Top
R35,63.000000,-15.000000,0.000000,Top
R36,63.000000,-29.000000,0.000000,Top
R37,52.000000,-25.000000,0.000000,Top
R38,64.500000,-11.500000,0.000000,Top
R39,64.500000,-26.000000,0.000000,Top
R40,68.000000,-14.000000,0.000000,Top
R41,68.000000,-27.500000,0.000000,Top
U4,29.000000,-15.500000,0.000000,Top
U5,29.000000,-22.000000,0.000000,Top
U8,54.000000,-34.000000,0.000000,Top
U9,65.000000,-8.000000,0.000000,Top
U10,65.000000,-22.500000,0.000000,Top
