lcsc_code,catalog_identity,declared_revisions,source_values,source_url,review_scope_and_open_gate
C104108,RTT052203FTP,"rev2.1,rev2.2,rev3a,rev3b,rev3c",220k,https://www.lcsc.com/product-detail/C104108.html,"Independent passive nominal/package fact: 220k, 0805. Explicit rating/MPN guarded; land/bias/thermal/stock separate."
C10493,Vishay SI2309CDS-T1-GE3,"rev2.1,rev2.2",Si2309CDS,https://www.lcsc.com/product-detail/C10493.html,60 V VDS/±20 V VGS; source gate/clamp/thermal coordination not certified.
C105580,RC0603FR-075K1L,rev3a,5.1k,https://www.lcsc.com/product-detail/C105580.html,"Independent passive nominal/package fact: 5.1k, 0603. Explicit rating/MPN guarded; land/bias/thermal/stock separate."
C106243,CC0805KKX7R0BB104,"rev3a,rev3b,rev3c",100n; 100nF,https://www.lcsc.com/product-detail/C106243.html,"Independent passive nominal/package fact: 100n, 0805. Explicit rating/MPN guarded; land/bias/thermal/stock separate."
C107701,RC0603FR-0722RL,rev3a,22R,https://www.lcsc.com/product-detail/C107701.html,"Independent passive nominal/package fact: 22R, 0603. Explicit rating/MPN guarded; land/bias/thermal/stock separate."
C12604,Bourns MF-MSMF030-2,"rev2.1,rev2.2",Polyfuse,https://www.lcsc.com/product-detail/C12604.html,1812/30 V/0.3Ahold reference; legacy current/temperature/fault budget unclosed.
C149504,0805W8F1003T5E,"rev3a,rev3b,rev3c",100k 1%,https://www.lcsc.com/product-detail/C149504.html,"Independent passive nominal/package fact: 100k, 0805. Explicit rating/MPN guarded; land/bias/thermal/stock separate."
C151170,Littelfuse 1812L075/33DR,"rev3a,rev3b,rev3c",1812L075/33DR,https://www.lcsc.com/product-detail/C151170.html,"33 V/0.75Ahold/1.5Atrip/20Afault reference; exact recommended lands reviewed, source/temperature/fault coordination remains."
C151607,Diodes 74LVC2G07W6-7,"rev2.1,rev2.2,rev3a,rev3b,rev3c",74LVC2G07; 74LVC2G07_3v3,https://www.lcsc.com/product-detail/C151607.html,Six-pin open-drain buffer; actual supply/threshold/edge-rate qualification separate.
C1546,0402CG101J500NT,"rev3a,rev3b,rev3c",100pF,https://www.lcsc.com/product-detail/C1546.html,"Independent passive nominal/package fact: 100p, 0402. Explicit rating/MPN guarded; land/bias/thermal/stock separate."
C15850,CL21A106KAYNNNE,"rev2.1,rev2.2,rev3a,rev3b,rev3c",10u; 10u 25V X5R,https://www.lcsc.com/product-detail/C15850.html,"Independent passive nominal/package fact: 10u, 0805. Explicit rating/MPN guarded; land/bias/thermal/stock separate."
C15903,JSCJ CJ3407,"rev3a,rev3b,rev3c",CJ3407,https://www.lcsc.com/product-detail/C15903.html,30 V VDS/±20 V VGS; not a40 V whole-input guarantee.
C161181,GCM188L81H104KA57D,"rev3a,rev3b,rev3c",100n 50V X8L,https://www.lcsc.com/product-detail/C161181.html,"Independent passive nominal/package fact: 100n, 0603. Explicit rating/MPN guarded; land/bias/thermal/stock separate."
C163512,Littelfuse 1206L050YR,rev3a,500mA,https://www.lcsc.com/product-detail/C163512.html,6 V/0.5Ahold USB fuse; temperature derating and actual input budget apply.
C17414,0805W8F1002T5E,"rev2.1,rev2.2,rev3a,rev3b,rev3c",10K; 10k,https://www.lcsc.com/product-detail/C17414.html,"Independent passive nominal/package fact: 10k, 0805. Explicit rating/MPN guarded; land/bias/thermal/stock separate."
C17513,0805W8F1001T5E,"rev2.1,rev2.2,rev3a,rev3b,rev3c",1K,https://www.lcsc.com/product-detail/C17513.html,"Independent passive nominal/package fact: 1k, 0805. Explicit rating/MPN guarded; land/bias/thermal/stock separate."
C17514,0805W8F1004T5E,"rev2.1,rev2.2",1M,https://www.lcsc.com/product-detail/C17514.html,"Independent passive nominal/package fact: 1M, 0805. Explicit rating/MPN guarded; land/bias/thermal/stock separate."
C17557,0805W8F2200T5E,"rev2.1,rev2.2,rev3a,rev3b,rev3c",220,https://www.lcsc.com/product-detail/C17557.html,"Independent passive nominal/package fact: 220R, 0805. Explicit rating/MPN guarded; land/bias/thermal/stock separate."
C17673,0805W8F4701T5E,"rev2.1,rev2.2,rev3a,rev3b,rev3c",4K7,https://www.lcsc.com/product-detail/C17673.html,"Independent passive nominal/package fact: 4.7k, 0805. Explicit rating/MPN guarded; land/bias/thermal/stock separate."
C17738,0805W8F510JT5E,"rev3a,rev3b,rev3c",51R,https://www.lcsc.com/product-detail/C17738.html,"Independent passive nominal/package fact: 51R, 0805. Explicit rating/MPN guarded; land/bias/thermal/stock separate."
C19268131,TECH PUBLIC TPAP2205-33Y,rev2.2,AP2205-3.3,https://www.lcsc.com/product-detail/C19268131.html,200 mA regulated capability;500 mA typical short-circuit figure is not regulated output. Manufacturer pin-table typo remains.
C20526,JSCJ MMBT3904,"rev3a,rev3b,rev3c",MMBT3904,https://www.lcsc.com/product-detail/C20526.html,40 V VCEO/6 V VEBO/200 mA catalog limits; source bias and thermal calculations separate.
C2067355,Diodes APX803L20-29SA-7,rev2.1,APX803L20-29SA-7,https://www.lcsc.com/product-detail/C2067355.html,2.9 V supervisor; retained Rev2.1U1 startup issue is separate from catalog identity.
C2071056,Diodes AP63205WU-7,"rev3a,rev3b,rev3c",AP63205WU,https://www.lcsc.com/product-detail/C2071056.html,"3.8–32 V operating input, fixed5 V/2 A buck; no boost guarantee for low source."
C2296,KENTO KT-0805Y,"rev2.1,rev2.2,rev3a,rev3b,rev3c",YLW,https://www.lcsc.com/product-detail/C2296.html,"Yellow0805LED; bus-connection function, not packet/power-good indication."
C2297,KENTO KT-0805G,"rev2.1,rev2.2,rev3a,rev3b,rev3c",GRN,https://www.lcsc.com/product-detail/C2297.html,Green0805LED; carrier connection-status function.
C22978,0603WAF3301T5E,"rev3a,rev3b,rev3c",3.3k 1%,https://www.lcsc.com/product-detail/C22978.html,"Independent passive nominal/package fact: 3.3k, 0603. Explicit rating/MPN guarded; land/bias/thermal/stock separate."
C2500,"Nexperia BAV99,215","rev2.1,rev2.2,rev3a,rev3b,rev3c",BAV99,https://www.lcsc.com/product-detail/C2500.html,Actual series-diode numerical pins1A1/2K2/3K1-A2 govern stale legacy labels.
C2653785,TI TPS1H200AQDGNRQ1,"rev3a,rev3b,rev3c",TPS1H200AQDGNRQ1,https://www.lcsc.com/product-detail/C2653785.html,3.4–40 V rated switch with reviewed control/current-limit network; other chain ratings remain lower.
C2765186,SHOU HAN TYPE-C16PIN2MD(073),rev3a,USB_C_Receptacle_USB2.0_16P,https://www.lcsc.com/product-detail/C2765186.html,Rev3 A exact shell slots corrected; recessed shell solder/inspection/retention unapproved.
C27834,0805W8F5101T5E,"rev3a,rev3b,rev3c",5.1k,https://www.lcsc.com/product-detail/C27834.html,"Independent passive nominal/package fact: 5.1k, 0805. Explicit rating/MPN guarded; land/bias/thermal/stock separate."
C28233,CL21B104KCFNNNE,"rev2.1,rev2.2",100n,https://www.lcsc.com/product-detail/C28233.html,"Independent passive nominal/package fact: 100n, 0805. Explicit rating/MPN guarded; land/bias/thermal/stock separate."
C28323,CL21B105KBFNNNE,"rev2.1,rev2.2",1u,https://www.lcsc.com/product-detail/C28323.html,"Independent passive nominal/package fact: 1u, 0805. Explicit rating/MPN guarded; land/bias/thermal/stock separate."
C286510,0603B104M500NT,"rev3a,rev3b,rev3c",100n 50V X7R,https://www.lcsc.com/product-detail/C286510.html,"Independent passive nominal/package fact: 100n, 0603. Explicit rating/MPN guarded; land/bias/thermal/stock separate."
C2897370,HCTL PM254-1-07-Z-8.5,rev3c,Socket_XIAO_A; Socket_XIAO_B,https://www.lcsc.com/product-detail/C2897370.html,Two7-way2.54mmfemale sockets; actual male-pin seating/engagement and11.0–11.65 mm stack unmeasured.
C303950,1206B106K500NT,"rev3a,rev3b,rev3c",10u 50V X7R,https://www.lcsc.com/product-detail/C303950.html,"Independent passive nominal/package fact: 10u, 1206. Explicit rating/MPN guarded; land/bias/thermal/stock separate."
C309062,CL32B226KAJNNNE,"rev3a,rev3b,rev3c",22u 25V X7R,https://www.lcsc.com/product-detail/C309062.html,"Independent passive nominal/package fact: 22u, 1210. Explicit rating/MPN guarded; land/bias/thermal/stock separate."
C3097717,EVERCOM 5301-8P8C,"rev2.1,rev2.2,rev3a,rev3b,rev3c",8P8C,https://www.lcsc.com/product-detail/C3097717.html,"Sourcing identity matched; source/supplier pose, exact locating posts and process not approved."
C309871,BrightkingSMAJ20CA/TR13,"rev2.1,rev2.2",D_TVS,https://www.lcsc.com/product-detail/C309871.html,20 V stand-off/32.4 V reference clamp; exact source envelope and transient coordination unknown.
C318884,XKB TS-1187A-B-A-B,"rev2.1,rev2.2,rev3a",SW_Push,https://www.lcsc.com/product-detail/C318884.html,"5.1×5.1×1.5mmSMD push switch;12 V/50 mA catalog limits, actual mechanics separate."
C399290,SUNMATE SMF16A,"rev3a,rev3b,rev3c",SMF16A,https://www.lcsc.com/product-detail/C399290.html,16 V stand-off/26 V clamp at 7.7 A specified pulse; catalog 7.7 mA unit is wrong. Not universal source ceiling.
C412309,ETQP3M4R7KVP,"rev3a,rev3b,rev3c",4.7uH,https://www.lcsc.com/product-detail/C412309.html,"Independent passive nominal/package fact: 4.7uH, Panasonic_PCC-M0530M. Explicit rating/MPN guarded; land/bias/thermal/stock separate."
C42391552,HanxiaHX PZ-2.54-02-03-S-PB3.2,"rev3a,rev3b",RECOVERY,https://www.lcsc.com/product-detail/C42391552.html,"Actual SMD2×3 recovery header; pad/process drawing reviewed, not a generic THT substitute."
C51118,Diodes AP2112K-3.3TRG1,rev3a,AP2112K-3.3,https://www.lcsc.com/product-detail/C51118.html,600 mA regulator; dropout/current/enclosed thermals need source-specific qualification.
C5205181,Diodes AP2205-33Y-13,rev2.1,AP2205-3.3,https://www.lcsc.com/product-detail/C5205181.html,200 mA operating output; VIN1/GND2/VOUT3. JLC stock 4 onOct5; rated legacy supply issue remains.
C668891,MCC BZT52C12-TP,"rev3a,rev3b,rev3c",BZT52C12-TP,https://www.lcsc.com/product-detail/C668891.html,12 V gate zener;11.4–12.7 V at 5 mA/25 C. Actual gate current/temp/transients separate.
C7519,ST USBLC6-2SC6,rev3a,USBLC6-2SC6,https://www.lcsc.com/product-detail/C7519.html,SOT23-6 USB ESD array; IEC/pulse clamp specs do not provide host power isolation.
C78479,JSCJ BZT52B5V1,"rev2.1,rev2.2",5.2V,https://www.lcsc.com/product-detail/C78479.html,Nominal5.1 V;5.00–5.20 V at 5 mA/25 C. Legacy5.2 V label is not guaranteed clamp.
C78744,MCC MBR0540-TP,"rev3a,rev3b,rev3c",MBR0540-TP,https://www.lcsc.com/product-detail/C78744.html,40 V/0.5 A diode; current primary-authored sheet125 C junction limit/reference244 C-W thermal condition.
C82288,"Nexperia PMEG2010ER,115","rev3a,rev3b,rev3c",PMEG2010ER,https://www.lcsc.com/product-detail/C82288.html,"20 V reverse/1 A part; downstream role retained, not substituted into26 V-clamp upstream OR."
C84256,NATIONSTAR NCD0805R1,"rev2.1,rev2.2,rev3a,rev3b,rev3c",RED,https://www.lcsc.com/product-detail/C84256.html,"Red0805LED; manual AUX output, off at boot."
C86206,ST L7805ABD2T-TR,"rev2.1,rev2.2",L7805,https://www.lcsc.com/product-detail/C86206.html,5 V linear regulator; high-input current and enclosed thermal capability need review.
C91185,CC0805KKX7R9BB105,"rev3a,rev3b,rev3c",1u; 1u 50V X7R,https://www.lcsc.com/product-detail/C91185.html,"Independent passive nominal/package fact: 1u, 0805. Explicit rating/MPN guarded; land/bias/thermal/stock separate."
