"Reference","Value","Recovered Footprint","DNP","Description","LCSC"
"C1","100n","LegacyBoard:C1_C_0805_2012Metric","","C28233",""
"C2","1u","LegacyBoard:C2_C_0805_2012Metric","","C28323",""
"C3","100n","LegacyBoard:C3_C_0805_2012Metric","","C28233",""
"C4","100n","LegacyBoard:C4_C_0805_2012Metric","","C28233",""
"C5","100n","LegacyBoard:C5_C_0805_2012Metric","","C28233",""
"C6","100n","LegacyBoard:C6_C_0805_2012Metric","","C28233",""
"C7","100n","LegacyBoard:C7_C_0805_2012Metric","","C28233",""
"C8","1u","LegacyBoard:C8_C_0805_2012Metric","","C28323",""
"C9","10u","LegacyBoard:C9_C_0805_2012Metric","","C15850",""
"C10","100n","LegacyBoard:C10_C_0805_2012Metric","","C28233",""
"C11","10u","LegacyBoard:C11_C_0805_2012Metric","","C15850",""
"C12","100n","LegacyBoard:C12_C_0805_2012Metric","","C28233",""
"C13","10u","LegacyBoard:C13_C_0805_2012Metric","","C15850",""
"C14","100n","LegacyBoard:C14_C_0805_2012Metric","","C28233",""
"D1","BAV99","LegacyBoard:D1_SOT-23","","C2500",""
"D2","BAV99","LegacyBoard:D2_SOT-23","","C2500",""
"D3","BAV99","LegacyBoard:D3_SOT-23","","C2500",""
"D4","GRN","LegacyBoard:D4_LED_0805_2012Metric","","C2297",""
"D5","RED","LegacyBoard:D5_LED_0805_2012Metric","","C84256",""
"D6","YLW","LegacyBoard:D6_LED_0805_2012Metric","","C2296",""
"D7","D_TVS","LegacyBoard:D7_D_SMA","","C309871",""
"D8","5.2V","LegacyBoard:D8_D_SOD-523","","C2993047",""
"D9","BAV99","LegacyBoard:D9_SOT-23","","C2500",""
"F1","Polyfuse","LegacyBoard:F1_Fuse_1812_4532Metric","","C12604",""
"F2","Polyfuse","LegacyBoard:F2_Fuse_1812_4532Metric","","C12604",""
"H1","MountingHole","LegacyBoard:H1_MountingHole_3.2mm_M3_DIN965","","",""
"H2","MountingHole","LegacyBoard:H2_MountingHole_3.2mm_M3_DIN965","","",""
"H3","MountingHole","MountingHole:MountingHole_3.2mm_M3_DIN965","DNP","",""
"H4","MountingHole","MountingHole:MountingHole_3.2mm_M3_DIN965","DNP","",""
"J1","8P8C","LegacyBoard:J1_RJ45_Amphenol_54602-x08_Horizontal","","C3097717",""
"J2","1x6","LegacyBoard:J2_PinHeader_1x06_P2.54mm_Vertical","DNP","",""
"J3","TC2030","LegacyBoard:J3_Tag-Connect_TC2030-IDC-NL_2x03_P1.27mm_Vertical","DNP","",""
"Q1","Si2309CDS","LegacyBoard:Q1_SOT-23","","C10493",""
"Q2","Si2309CDS","LegacyBoard:Q2_SOT-23","","C10493",""
"R1","10K","LegacyBoard:R1_R_0805_2012Metric","","C17414",""
"R2","10K","LegacyBoard:R2_R_0805_2012Metric","","C17414",""
"R3","10K","LegacyBoard:R3_R_0805_2012Metric","","C17414",""
"R4","220","LegacyBoard:R4_R_0805_2012Metric","","C17557",""
"R5","10K","LegacyBoard:R5_R_0805_2012Metric","","C17414",""
"R6","220","LegacyBoard:R6_R_0805_2012Metric","","C17557",""
"R7","220","LegacyBoard:R7_R_0805_2012Metric","","C17557",""
"R8","DNP","LegacyBoard:R8_R_0805_2012Metric","DNP","",""
"R9","1M","LegacyBoard:R9_R_0805_2012Metric","","C17514",""
"R10","1K","LegacyBoard:R10_R_0805_2012Metric","","C17513",""
"R11","1K","LegacyBoard:R11_R_0805_2012Metric","","C17513",""
"R12","1K","LegacyBoard:R12_R_0805_2012Metric","","C17513",""
"R13","1K","LegacyBoard:R13_R_0805_2012Metric","","C17513",""
"R14","10K","LegacyBoard:R14_R_0805_2012Metric","","C17414",""
"R15","10K","LegacyBoard:R15_R_0805_2012Metric","","C17414",""
"R16","10K","LegacyBoard:R16_R_0805_2012Metric","","C17414",""
"R17","10K","LegacyBoard:R17_R_0805_2012Metric","","C17414",""
"R18","220k","LegacyBoard:R18_R_0805_2012Metric","","C17539",""
"R19","10K","LegacyBoard:R19_R_0805_2012Metric","","C17414",""
"R20","10K","LegacyBoard:R20_R_0805_2012Metric","","C17414",""
"R21","220k","LegacyBoard:R21_R_0805_2012Metric","","C17539",""
"R22","4K7","LegacyBoard:R22_R_0805_2012Metric","","C17713",""
"R23","1K","LegacyBoard:R23_R_0805_2012Metric","","C17513",""
"R24","1K","LegacyBoard:R24_R_0805_2012Metric","","C17513",""
"R25","1K","LegacyBoard:R25_R_0805_2012Metric","","C17513",""
"SW1","SW_Push","LegacyBoard:SW1_SW_Push_1P1T_XKB_TS-1187A","","C318884",""
"SW2","SW_Push","LegacyBoard:SW2_SW_Push_1P1T_XKB_TS-1187A","","C318884",""
"TP1","TestPoint","LegacyBoard:TP1_TestPoint_Pad_D2.0mm","DNP","",""
"TP2","TestPoint","LegacyBoard:TP2_TestPoint_Pad_D2.0mm","DNP","",""
"TP3","TestPoint","LegacyBoard:TP3_TestPoint_Pad_D2.0mm","DNP","",""
"TP4","TestPoint","LegacyBoard:TP4_TestPoint_Pad_D2.0mm","DNP","",""
"TP5","TestPoint","LegacyBoard:TP5_TestPoint_Pad_D2.0mm","DNP","",""
"TP6","TestPoint","LegacyBoard:TP6_TestPoint_Pad_D2.0mm","DNP","",""
"U1","APX803L20-29SA-7","LegacyBoard:U1_SOT-23","","C2067355",""
"U2","ESP32-C3-WROOM-02","LegacyBoard:U2_ESP32-C3-WROOM-02","","C2934560",""
"U3","L7805","LegacyBoard:U3_TO-263-2","","C86206",""
"U4","74LVC2G07","LegacyBoard:U4_SOT-23-6","","C151607",""
"U5","74LVC2G07_3v3","LegacyBoard:U5_SOT-23-6","","C151607",""
"U6","AP2205-3.3","LegacyBoard:U6_SOT-89-3","","C5205181",""
