Reference,Value,Recovered Footprint,X absolute mm,Y absolute mm,Native rotation deg,Layer,DNP,Native attributes,Source symbol UUID path
C1,100n,LegacyBoard:C1_C_0805_2012Metric,85.275,86.6,180.0,F.Cu,False,2,/00000000-0000-0000-0000-00005f3718ad
C10,100n,LegacyBoard:C10_C_0805_2012Metric,84.025,99.05,-90.0,F.Cu,False,2,/0c00ef1e-9241-4a78-a412-3cd7c8364766
C11,10u,LegacyBoard:C11_C_0805_2012Metric,84.025,106.05,90.0,F.Cu,False,2,/00000000-0000-0000-0000-00005f333718
C12,100n,LegacyBoard:C12_C_0805_2012Metric,81.525,106.05,-90.0,F.Cu,False,2,/554a3ba3-78d4-41fe-bb81-3a018839fa98
C13,10u,LegacyBoard:C13_C_0805_2012Metric,80.475,103.0,0.0,F.Cu,False,2,/dab3ce46-5d68-4182-ba7e-5871aeeebd54
C14,100n,LegacyBoard:C14_C_0805_2012Metric,76.525,103.0,0.0,F.Cu,False,2,/0f92c83b-4a0e-4393-b64f-44e3811f347e
C2,1u,LegacyBoard:C2_C_0805_2012Metric,44.85,105.78,0.0,F.Cu,False,2,/7a34e985-8a84-4b77-a731-d3a66dea75a8
C3,100n,LegacyBoard:C3_C_0805_2012Metric,117.8,83.4,90.0,F.Cu,False,2,/c2d6a9ee-f4c6-44e1-a18b-7e291eeb77e0
C4,100n,LegacyBoard:C4_C_0805_2012Metric,44.95,108.2,180.0,F.Cu,False,2,/f8eba0f7-7a1b-4a7d-a1d8-0df2a95332f2
C5,100n,LegacyBoard:C5_C_0805_2012Metric,115.075,89.0,0.0,F.Cu,False,2,/2726a2a1-29f8-4cbe-91c8-e56b3387e7d1
C6,100n,LegacyBoard:C6_C_0805_2012Metric,76.875,87.6,0.0,F.Cu,False,2,/00000000-0000-0000-0000-00005f372a02
C7,100n,LegacyBoard:C7_C_0805_2012Metric,111.075,89.0,0.0,F.Cu,False,2,/744b4081-ec99-4711-aace-0e93395568bc
C8,1u,LegacyBoard:C8_C_0805_2012Metric,105.025,106.45,90.0,F.Cu,False,2,/1ab92a36-facc-42cf-884b-a61b86852411
C9,10u,LegacyBoard:C9_C_0805_2012Metric,84.025,102.5,-90.0,F.Cu,False,2,/00000000-0000-0000-0000-00005f333061
D1,BAV99,LegacyBoard:D1_SOT-23,121.0875,83.5,0.0,F.Cu,False,2,/a2c2dfa3-25ab-4e30-95c7-0ace8c501014
D2,BAV99,LegacyBoard:D2_SOT-23,115.025,92.0625,-90.0,F.Cu,False,2,/da6c8207-c042-45d4-9bf7-06a10874b2f4
D3,BAV99,LegacyBoard:D3_SOT-23,111.025,92.0625,90.0,F.Cu,False,2,/a9006e9a-a776-43c5-9357-3d7e345e3d54
D4,GRN,LegacyBoard:D4_LED_0805_2012Metric,53.7225,82.6875,90.0,F.Cu,False,2,/f5ca7214-78ab-4d24-aa3c-ea2e0600d2a1
D5,RED,LegacyBoard:D5_LED_0805_2012Metric,49.1075,82.6875,90.0,F.Cu,False,2,/a6c49bc8-5d2f-4127-b831-1ff4da839c76
D6,YLW,LegacyBoard:D6_LED_0805_2012Metric,58.3375,82.6875,90.0,F.Cu,False,2,/c0ab535a-1e91-48d0-a739-367dd1a75477
D7,D_TVS,LegacyBoard:D7_D_SMA,113.525,101.5,0.0,F.Cu,False,2,/3c7e1fe5-ef50-4fc3-a765-465dd47adade
D8,5.2V,LegacyBoard:D8_D_SOD-523,82.825,109.0,180.0,F.Cu,False,2,/9a78a0c9-9986-4d50-9037-603f280c3485
D9,BAV99,LegacyBoard:D9_SOT-23,96.325,85.9375,90.0,F.Cu,False,2,/b035ef10-1fc7-40b3-8e83-da04db117cec
F1,Polyfuse,LegacyBoard:F1_Fuse_1812_4532Metric,127.6625,106.5,0.0,F.Cu,False,2,/41e11189-48e3-42ca-a63e-8b1b0b9b844e
F2,Polyfuse,LegacyBoard:F2_Fuse_1812_4532Metric,121.025,106.5,180.0,F.Cu,False,2,/00000000-0000-0000-0000-00005f3289a9
H1,MountingHole,LegacyBoard:H1_MountingHole_3.2mm_M3_DIN965,65.0,95.0,0.0,F.Cu,False,4,/2f6837da-9a3c-4d1c-96a9-1d7065db7755
H2,MountingHole,LegacyBoard:H2_MountingHole_3.2mm_M3_DIN965,103.525,95.0,0.0,F.Cu,False,4,/b3501035-f81d-48a3-b153-7b734b4fc8c0
J1,8P8C,LegacyBoard:J1_RJ45_Amphenol_54602-x08_Horizontal,122.425,99.2825,90.0,F.Cu,False,1,/00000000-0000-0000-0000-00005f2dfac0
J2,1x6,LegacyBoard:J2_PinHeader_1x06_P2.54mm_Vertical,58.0,98.5,90.0,B.Cu,True,257,/63eed7e9-41f0-441b-9330-7f8d75b82aac
J3,TC2030,LegacyBoard:J3_Tag-Connect_TC2030-IDC-NL_2x03_P1.27mm_Vertical,50.73,107.365,180.0,B.Cu,True,260,/145897f9-b67d-4576-8342-c83879c440ec
JP1,FirstBuild,LegacyBoard:JP1_SolderJumper-3_P1.3mm_Bridged12_RoundedPad1.0x1.5mm_NumberLabels,59.5,103.8,-90.0,B.Cu,True,268,/600a6d65-feb0-4d96-85b3-f5e8f234e27b
JP2,AltPwr,LegacyBoard:JP2_SolderJumper-3_P1.3mm_Bridged12_RoundedPad1.0x1.5mm_NumberLabels,115.525,106.5,-90.0,B.Cu,True,268,/97febc29-3de1-4b65-b3fe-7bc586b38f87
Q1,Si2309CDS,LegacyBoard:Q1_SOT-23,112.0875,106.5,0.0,F.Cu,False,2,/bb566574-0426-4696-a3c1-925518d046ee
Q2,Si2309CDS,LegacyBoard:Q2_SOT-23,108.0875,106.5,0.0,F.Cu,False,2,/00000000-0000-0000-0000-00005f2eb41c
R1,10K,LegacyBoard:R1_R_0805_2012Metric,60.8,82.6875,-90.0,F.Cu,False,2,/0f3373f5-767b-4613-a1f9-211dc0897cb5
R10,1K,LegacyBoard:R10_R_0805_2012Metric,70.5125,90.4,0.0,F.Cu,False,2,/45cbe67a-154d-4abe-8838-59de0b0a29fa
R11,1K,LegacyBoard:R11_R_0805_2012Metric,70.5125,93.35,0.0,F.Cu,False,2,/cea3e60b-5877-4f16-a2ba-67fcdb3208ff
R12,1K,LegacyBoard:R12_R_0805_2012Metric,70.5125,96.3,0.0,F.Cu,False,2,/ce71ef5f-2de2-4d90-ac78-835f57bd8be9
R13,1K,LegacyBoard:R13_R_0805_2012Metric,70.5125,99.25,0.0,F.Cu,False,2,/00000000-0000-0000-0000-00005f31ba49
R14,10K,LegacyBoard:R14_R_0805_2012Metric,85.2375,84.2,180.0,F.Cu,False,2,/ed7c54c8-eb1f-4548-b828-59ecb89c3d82
R15,10K,LegacyBoard:R15_R_0805_2012Metric,73.6,87.4,-90.0,F.Cu,False,2,/87787b7b-0950-4e3b-8130-4503b072059b
R16,10K,LegacyBoard:R16_R_0805_2012Metric,77.0125,93.8,0.0,F.Cu,False,2,/74b5b296-9fe7-44d8-86e8-7daabc6561b1
R17,10K,LegacyBoard:R17_R_0805_2012Metric,85.4375,94.2,180.0,F.Cu,False,2,/ffb09ab6-f372-4027-9c8e-6ae354d34df1
R18,220k,LegacyBoard:R18_R_0805_2012Metric,100.125,86.2875,-90.0,F.Cu,False,2,/7fc42c3e-1792-49df-8a3c-986ac005f602
R19,10K,LegacyBoard:R19_R_0805_2012Metric,94.0375,82.6,180.0,F.Cu,False,2,/07fbf78d-d7d2-4dee-95aa-02b6682e55e4
R2,10K,LegacyBoard:R2_R_0805_2012Metric,56.6,107.3125,90.0,F.Cu,False,2,/0757ed83-5a92-4f2e-b97f-91bc828e2721
R20,10K,LegacyBoard:R20_R_0805_2012Metric,81.325,95.0875,-90.0,F.Cu,False,2,/c28ad6d7-faea-478b-ba48-fab1c6eceb40
R21,220k,LegacyBoard:R21_R_0805_2012Metric,90.725,92.3125,90.0,F.Cu,False,2,/3a3706fc-3bf8-472e-83d0-e2bb4ccc58e0
R22,4K7,LegacyBoard:R22_R_0805_2012Metric,99.0125,82.8,0.0,F.Cu,False,2,/00000000-0000-0000-0000-00005f36072d
R23,1K,LegacyBoard:R23_R_0805_2012Metric,103.6125,82.8,0.0,F.Cu,False,2,/46e03cc7-89a1-45c3-8938-ea082ea4aa72
R24,1K,LegacyBoard:R24_R_0805_2012Metric,103.6125,85.75,0.0,F.Cu,False,2,/a291dc52-db30-477b-9b12-9628ee562cf0
R25,1K,LegacyBoard:R25_R_0805_2012Metric,103.6125,89.8,0.0,F.Cu,False,2,/1cd3ba5a-51bc-4e01-8769-894fb06c2229
R3,10K,LegacyBoard:R3_R_0805_2012Metric,59.0,107.2875,-90.0,F.Cu,False,2,/a449dc65-997b-4085-b7a0-c07651fbec72
R4,220,LegacyBoard:R4_R_0805_2012Metric,44.6,82.7125,90.0,F.Cu,False,2,/41210ed9-4981-424c-be35-381675a4fb21
R5,10K,LegacyBoard:R5_R_0805_2012Metric,46.8,82.7125,90.0,F.Cu,False,2,/ffe0aff5-9976-4496-a824-b04d7fffa1b3
R6,220,LegacyBoard:R6_R_0805_2012Metric,51.415,82.6875,90.0,F.Cu,False,2,/3cf02de4-0b1a-4ce7-abdb-516d921496f0
R7,220,LegacyBoard:R7_R_0805_2012Metric,56.03,82.6875,-90.0,F.Cu,False,2,/2bfdc927-c633-48be-891b-4ea5e8c343e8
R8,DNP,LegacyBoard:R8_R_0805_2012Metric,109.4125,108.2,0.0,B.Cu,True,258,/fe1a1342-6757-4ac5-8483-c69aea7943ee
R9,1M,LegacyBoard:R9_R_0805_2012Metric,107.9375,101.5,180.0,F.Cu,False,2,/b17db9c4-60bf-4e62-8d05-e4ff14d65f25
SW1,SW_Push,LegacyBoard:SW1_SW_Push_1P1T_XKB_TS-1187A,67.0,85.5,0.0,F.Cu,False,2,/a969b592-32a1-43bc-8903-4b5cf49a73e4
SW2,SW_Push,LegacyBoard:SW2_SW_Push_1P1T_XKB_TS-1187A,67.0,104.5,0.0,F.Cu,False,2,/de5022fb-ce5e-4ba6-ac07-82ad01d98632
TP1,TestPoint,LegacyBoard:TP1_TestPoint_Pad_D2.0mm,88.925,83.8,180.0,B.Cu,True,260,/2acbebc0-467b-48e3-a214-5ba9b872d3f1
TP2,TestPoint,LegacyBoard:TP2_TestPoint_Pad_D2.0mm,94.625,83.8,180.0,B.Cu,True,260,/8add6fe9-7f74-4c57-82c4-edb6e74c9b88
TP3,TestPoint,LegacyBoard:TP3_TestPoint_Pad_D2.0mm,109.525,104.6,180.0,B.Cu,True,260,/38823c36-e0ed-4070-86a5-46e652097b3c
TP4,TestPoint,LegacyBoard:TP4_TestPoint_Pad_D2.0mm,100.325,83.8,180.0,B.Cu,True,260,/d1c5b745-ce67-4ce0-80ab-5e4ad8f382c1
TP5,TestPoint,LegacyBoard:TP5_TestPoint_Pad_D2.0mm,106.025,83.8,180.0,B.Cu,True,260,/d0584b35-d467-4eb5-b7b5-a3c30f001e0a
TP6,TestPoint,LegacyBoard:TP6_TestPoint_Pad_D2.0mm,111.725,83.8,180.0,B.Cu,True,260,/f2e9d393-35fc-479a-83b3-161fe52af241
U1,APX803L20-29SA-7,LegacyBoard:U1_SOT-23,50.65,107.2625,90.0,F.Cu,False,2,/468fcc7f-55f8-4783-b36e-f80ec4401b15
U2,ESP32-C3-WROOM-02,LegacyBoard:U2_ESP32-C3-WROOM-02,49.7,94.86,90.0,F.Cu,False,2,/cc71aa51-d694-4c19-9c64-5966956e6c6b
U3,L7805,LegacyBoard:U3_TO-263-2,95.675,103.96,0.0,F.Cu,False,2,/c3d614b7-1e3d-442d-b71a-0f7656270264
U4,74LVC2G07,LegacyBoard:U4_SOT-23-6,85.3875,90.55,0.0,F.Cu,False,2,/b09bb8c1-5e3c-46cc-b227-1374b14bc907
U5,74LVC2G07_3v3,LegacyBoard:U5_SOT-23-6,76.8875,90.55,0.0,F.Cu,False,2,/fec659a6-de89-4d09-aa02-43e085d6bd42
U6,AP2205-3.3,LegacyBoard:U6_SOT-89-3,76.525,107.0,180.0,F.Cu,False,2,/7cf5810c-1e40-4f16-b50c-a75608b1473f
