device,scenario,current_A,assumed_forward_V,forward_W,reference_theta_C_per_W,reference_rise_C,reference_Tj_at_85C,reference_max_local_ambient_C,qualification
MBR0540,C3_RF_plus_carrier,0.35665939393939394,0.55,0.19616266666666668,244,47.86369066666667,132.86369066666668,77.13630933333333,mixed-condition reference screen only; not actual-board bound; VF table temperature and mounting differ
MBR0540,WROOM_RF_plus_carrier,0.36665939393939395,0.55,0.20166266666666668,244,49.20569066666667,134.20569066666667,75.79430933333333,mixed-condition reference screen only; not actual-board bound; VF table temperature and mounting differ
MBR0540,500mA_chip_plus_carrier_stress,0.5216593939393939,0.55,0.28691266666666665,244,70.00669066666666,155.00669066666666,54.99330933333334,mixed-condition reference screen only; not actual-board bound; VF table temperature and mounting differ
MBR0540,TPS_partial_limit_upper_25C,0.7040097949188858,0.55,0.3872053872053872,244,94.47811447811448,179.4781144781145,30.521885521885523,mixed-condition reference screen only; not actual-board bound; VF table temperature and mounting differ
MBR0540,TPS_partial_limit_upper_85C,0.7082593510250359,0.55,0.3895426430637698,244,95.04840490755983,180.0484049075598,29.951595092440172,mixed-condition reference screen only; not actual-board bound; VF table temperature and mounting differ
STPS140Z_50mm2_reference,C3_RF_plus_carrier,0.35665939393939394,0.55,0.19616266666666668,175,34.32846666666667,119.32846666666667,115.67153333333333,mixed-condition reference screen only; not actual-board bound; VF table temperature and mounting differ
STPS140Z_50mm2_reference,WROOM_RF_plus_carrier,0.36665939393939395,0.55,0.20166266666666668,175,35.29096666666667,120.29096666666666,114.70903333333334,mixed-condition reference screen only; not actual-board bound; VF table temperature and mounting differ
STPS140Z_50mm2_reference,500mA_chip_plus_carrier_stress,0.5216593939393939,0.55,0.28691266666666665,175,50.209716666666665,135.20971666666668,99.79028333333333,mixed-condition reference screen only; not actual-board bound; VF table temperature and mounting differ
STPS140Z_50mm2_reference,TPS_partial_limit_upper_25C,0.7040097949188858,0.55,0.3872053872053872,175,67.76094276094277,152.76094276094278,82.23905723905723,mixed-condition reference screen only; not actual-board bound; VF table temperature and mounting differ
STPS140Z_50mm2_reference,TPS_partial_limit_upper_85C,0.7082593510250359,0.55,0.3895426430637698,175,68.16996253615972,153.16996253615972,81.83003746384028,mixed-condition reference screen only; not actual-board bound; VF table temperature and mounting differ
LMBR140T1G_reference,C3_RF_plus_carrier,0.35665939393939394,0.56,0.19972926060606064,312,62.31552930909092,147.31552930909092,87.68447069090908,mixed-condition reference screen only; not actual-board bound; VF table temperature and mounting differ
LMBR140T1G_reference,WROOM_RF_plus_carrier,0.36665939393939395,0.56,0.20532926060606063,312,64.06272930909091,149.0627293090909,85.93727069090909,mixed-condition reference screen only; not actual-board bound; VF table temperature and mounting differ
LMBR140T1G_reference,500mA_chip_plus_carrier_stress,0.5216593939393939,0.56,0.2921292606060606,312,91.1443293090909,176.1443293090909,58.85567069090909,mixed-condition reference screen only; not actual-board bound; VF table temperature and mounting differ
LMBR140T1G_reference,TPS_partial_limit_upper_25C,0.7040097949188858,0.56,0.3942454851545761,312,123.00459136822774,208.00459136822775,26.995408631772264,mixed-condition reference screen only; not actual-board bound; VF table temperature and mounting differ
LMBR140T1G_reference,TPS_partial_limit_upper_85C,0.7082593510250359,0.56,0.39662523657402016,312,123.74707381109428,208.74707381109428,26.252926188905718,mixed-condition reference screen only; not actual-board bound; VF table temperature and mounting differ
PMEG2010ER_standard_FR4,C3_RF_plus_carrier,0.35665939393939394,0.34,0.12126419393939394,220,26.678122666666667,111.67812266666667,123.32187733333333,mixed-condition reference screen only; not actual-board bound; VF table temperature and mounting differ
PMEG2010ER_standard_FR4,WROOM_RF_plus_carrier,0.36665939393939395,0.34,0.12466419393939396,220,27.42612266666667,112.42612266666667,122.57387733333333,mixed-condition reference screen only; not actual-board bound; VF table temperature and mounting differ
PMEG2010ER_standard_FR4,500mA_chip_plus_carrier_stress,0.5216593939393939,0.34,0.17736419393939393,220,39.020122666666666,124.02012266666667,110.97987733333333,mixed-condition reference screen only; not actual-board bound; VF table temperature and mounting differ
PMEG2010ER_standard_FR4,TPS_partial_limit_upper_25C,0.7040097949188858,0.34,0.2393633302724212,220,52.659932659932664,137.65993265993268,97.34006734006734,mixed-condition reference screen only; not actual-board bound; VF table temperature and mounting differ
PMEG2010ER_standard_FR4,TPS_partial_limit_upper_85C,0.7082593510250359,0.34,0.24080817934851223,220,52.97779945667269,137.9777994566727,97.0222005433273,mixed-condition reference screen only; not actual-board bound; VF table temperature and mounting differ
