Comment,Designator,Footprint,LCSC Part #,Quantity
100n,C1,LegacyBoard:C1_C_0805_2012Metric,C28233,1
100n,C3,LegacyBoard:C3_C_0805_2012Metric,C28233,1
100n,C4,LegacyBoard:C4_C_0805_2012Metric,C28233,1
100n,C5,LegacyBoard:C5_C_0805_2012Metric,C28233,1
100n,C6,LegacyBoard:C6_C_0805_2012Metric,C28233,1
100n,C7,LegacyBoard:C7_C_0805_2012Metric,C28233,1
100n,C10,LegacyBoard:C10_C_0805_2012Metric,C28233,1
100n,C12,LegacyBoard:C12_C_0805_2012Metric,C28233,1
100n,C14,LegacyBoard:C14_C_0805_2012Metric,C28233,1
1u,C2,LegacyBoard:C2_C_0805_2012Metric,C28323,1
1u,C8,LegacyBoard:C8_C_0805_2012Metric,C28323,1
10u,C9,LegacyBoard:C9_C_0805_2012Metric,C15850,1
10u,C11,LegacyBoard:C11_C_0805_2012Metric,C15850,1
10u,C13,LegacyBoard:C13_C_0805_2012Metric,C15850,1
GRN,D4,LegacyBoard:D4_LED_0805_2012Metric,C2297,1
RED,D5,LegacyBoard:D5_LED_0805_2012Metric,C84256,1
YLW,D6,LegacyBoard:D6_LED_0805_2012Metric,C2296,1
D_TVS,D7,LegacyBoard:D7_D_SMA,C309871,1
5.2V,D8,LegacyBoard:D8_D_SOD-123,C78479,1
BAV99,D1,LegacyBoard:D1_SOT-23,C2500,1
BAV99,D2,LegacyBoard:D2_SOT-23,C2500,1
BAV99,D3,LegacyBoard:D3_SOT-23,C2500,1
BAV99,D9,LegacyBoard:D9_SOT-23,C2500,1
Polyfuse,F1,LegacyBoard:F1_Fuse_1812_4532Metric,C12604,1
Polyfuse,F2,LegacyBoard:F2_Fuse_1812_4532Metric,C12604,1
8P8C,J1,LegacyBoard:J1_RJ45_EVERCOM_5301-8P8C_Horizontal,C3097717,1
Si2309CDS,Q1,LegacyBoard:Q1_SOT-23,C10493,1
Si2309CDS,Q2,LegacyBoard:Q2_SOT-23,C10493,1
1M,R9,LegacyBoard:R9_R_0805_2012Metric,C17514,1
4K7,R22,LegacyBoard:R22_R_0805_2012Metric,C17673,1
10K,R1,LegacyBoard:R1_R_0805_2012Metric,C17414,1
10K,R2,LegacyBoard:R2_R_0805_2012Metric,C17414,1
10K,R3,LegacyBoard:R3_R_0805_2012Metric,C17414,1
10K,R5,LegacyBoard:R5_R_0805_2012Metric,C17414,1
10K,R14,LegacyBoard:R14_R_0805_2012Metric,C17414,1
10K,R15,LegacyBoard:R15_R_0805_2012Metric,C17414,1
10K,R16,LegacyBoard:R16_R_0805_2012Metric,C17414,1
10K,R17,LegacyBoard:R17_R_0805_2012Metric,C17414,1
10K,R19,LegacyBoard:R19_R_0805_2012Metric,C17414,1
10K,R20,LegacyBoard:R20_R_0805_2012Metric,C17414,1
1K,R10,LegacyBoard:R10_R_0805_2012Metric,C17513,1
1K,R11,LegacyBoard:R11_R_0805_2012Metric,C17513,1
1K,R12,LegacyBoard:R12_R_0805_2012Metric,C17513,1
1K,R13,LegacyBoard:R13_R_0805_2012Metric,C17513,1
1K,R23,LegacyBoard:R23_R_0805_2012Metric,C17513,1
1K,R24,LegacyBoard:R24_R_0805_2012Metric,C17513,1
1K,R25,LegacyBoard:R25_R_0805_2012Metric,C17513,1
220k,R18,LegacyBoard:R18_R_0805_2012Metric,C104108,1
220k,R21,LegacyBoard:R21_R_0805_2012Metric,C104108,1
220,R4,LegacyBoard:R4_R_0805_2012Metric,C17557,1
220,R6,LegacyBoard:R6_R_0805_2012Metric,C17557,1
220,R7,LegacyBoard:R7_R_0805_2012Metric,C17557,1
SW_Push,SW1,LegacyBoard:SW1_SW_Push_1P1T_XKB_TS-1187A,C318884,1
SW_Push,SW2,LegacyBoard:SW2_SW_Push_1P1T_XKB_TS-1187A,C318884,1
ESP32-C3-WROOM-02,U2,LegacyBoard:U2_ESP32-C3-WROOM-02,C2934560,1
L7805,U3,LegacyBoard:U3_TO-263-2,C86206,1
74LVC2G07,U4,LegacyBoard:U4_SOT-23-6,C151607,1
74LVC2G07_3v3,U5,LegacyBoard:U5_SOT-23-6,C151607,1
AP2205-3.3,U6,LegacyBoard:U6_SOT-89-3,C19268131,1
