Designator,Mid X,Mid Y,Rotation,Layer
C1,85.275000,-86.600000,180.000000,Top
C2,44.850000,-105.780000,0.000000,Top
C3,117.800000,-83.400000,90.000000,Top
C4,44.950000,-108.200000,180.000000,Top
C5,115.075000,-89.000000,0.000000,Top
C6,76.875000,-87.600000,0.000000,Top
C7,111.075000,-89.000000,0.000000,Top
C8,105.025000,-106.450000,90.000000,Top
C9,84.025000,-102.200000,-90.000000,Top
C10,84.025000,-98.750000,-90.000000,Top
C11,84.025000,-105.800000,90.000000,Top
C12,81.525000,-105.800000,-90.000000,Top
C13,80.475000,-103.000000,0.000000,Top
C14,76.525000,-103.000000,0.000000,Top
D1,121.087500,-83.500000,0.000000,Top
D2,115.025000,-92.062500,-90.000000,Top
D3,111.025000,-92.062500,90.000000,Top
D4,53.722500,-82.687500,90.000000,Top
D5,49.107500,-82.687500,90.000000,Top
D6,58.337500,-82.687500,90.000000,Top
D7,113.525000,-101.500000,0.000000,Top
D8,82.825000,-108.800000,180.000000,Top
D9,96.325000,-85.937500,90.000000,Top
F1,127.662500,-106.500000,0.000000,Top
F2,121.025000,-106.500000,180.000000,Top
J1,122.425000,-99.282500,90.000000,Top
Q1,112.087500,-106.500000,0.000000,Top
Q2,108.087500,-106.500000,0.000000,Top
R1,60.800000,-82.687500,-90.000000,Top
R2,56.600000,-107.312500,90.000000,Top
R3,59.000000,-107.287500,-90.000000,Top
R4,44.600000,-82.712500,90.000000,Top
R5,46.800000,-82.712500,90.000000,Top
R6,51.415000,-82.687500,90.000000,Top
R7,56.030000,-82.687500,-90.000000,Top
R9,107.937500,-101.500000,180.000000,Top
R10,70.512500,-90.400000,0.000000,Top
R11,70.512500,-93.350000,0.000000,Top
R12,70.512500,-96.300000,0.000000,Top
R13,70.512500,-99.250000,0.000000,Top
R14,85.237500,-84.200000,180.000000,Top
R15,73.600000,-87.400000,-90.000000,Top
R16,77.012500,-93.800000,0.000000,Top
R17,85.437500,-94.200000,180.000000,Top
R18,100.125000,-86.287500,-90.000000,Top
R19,94.037500,-82.600000,180.000000,Top
R20,81.325000,-95.087500,-90.000000,Top
R21,90.725000,-92.312500,90.000000,Top
R22,99.012500,-82.800000,0.000000,Top
R23,103.612500,-82.800000,0.000000,Top
R24,103.612500,-85.750000,0.000000,Top
R25,103.612500,-89.800000,0.000000,Top
SW1,67.000000,-85.500000,0.000000,Top
SW2,67.000000,-104.500000,0.000000,Top
U2,49.700000,-94.860000,90.000000,Top
U3,95.675000,-103.960000,0.000000,Top
U4,85.387500,-90.550000,0.000000,Top
U5,76.887500,-90.550000,0.000000,Top
U6,76.525000,-107.000000,180.000000,Top
