"Comment","Designator","Footprint","LCSC Part #","Manufacturer","MPN","Voltage","Tolerance","Dielectric","Rated Current","Hold Current","Forward Current","Reverse Voltage","Saturation Current","Input Range","Output Current","Quantity"
"1u","C2","Capacitor_SMD:C_0805_2012Metric","C91185","Yageo","CC0805KKX7R9BB105","","","","","","","","","","","1"
"100n","C5","LegacyBoard:C5_C_0805_2012Metric","C106243","Yageo","CC0805KKX7R0BB104","","","","","","","","","","","1"
"10u 50V X7R","C9","Capacitor_SMD:C_1206_3216Metric","C303950","FH","1206B106K500NT","50V","","X7R","","","","","","","","1"
"100n 50V X7R","C10","Capacitor_SMD:C_0603_1608Metric","C286510","FH","0603B104M500NT","50V","","X7R","","","","","","","","1"
"100n 50V X8L","C15","Capacitor_SMD:C_0603_1608Metric","C161181","Murata","GCM188L81H104KA57","50V","","X8L","","","","","","","","1"
"100n","C1","Capacitor_SMD:C_0805_2012Metric","C106243","Yageo","CC0805KKX7R0BB104","","","","","","","","","","","1"
"100n","C3","Capacitor_SMD:C_0805_2012Metric","C106243","Yageo","CC0805KKX7R0BB104","","","","","","","","","","","1"
"100n","C4","Capacitor_SMD:C_0805_2012Metric","C106243","Yageo","CC0805KKX7R0BB104","","","","","","","","","","","1"
"100n","C6","Capacitor_SMD:C_0805_2012Metric","C106243","Yageo","CC0805KKX7R0BB104","","","","","","","","","","","1"
"100n","C7","Capacitor_SMD:C_0805_2012Metric","C106243","Yageo","CC0805KKX7R0BB104","","","","","","","","","","","1"
"100n","C12","Capacitor_SMD:C_0805_2012Metric","C106243","Yageo","CC0805KKX7R0BB104","","","","","","","","","","","1"
"100n","C14","Capacitor_SMD:C_0805_2012Metric","C106243","Yageo","CC0805KKX7R0BB104","","","","","","","","","","","1"
"10u 25V X5R","C11","Capacitor_SMD:C_0805_2012Metric","C15850","Samsung","CL21A106KAYNNNE","","","","","","","","","","","1"
"10u 25V X5R","C13","Capacitor_SMD:C_0805_2012Metric","C15850","Samsung","CL21A106KAYNNNE","","","","","","","","","","","1"
"22u 25V X7R","C16","Capacitor_SMD:C_1210_3225Metric","C309062","Samsung Electro-Mechanics","CL32B226KAJNNNE","25V","10%","X7R","","","","","","","","1"
"22u 25V X7R","C17","Capacitor_SMD:C_1210_3225Metric","C309062","Samsung Electro-Mechanics","CL32B226KAJNNNE","25V","10%","X7R","","","","","","","","1"
"100pF","C18","Capacitor_SMD:C_0402_1005Metric","C1546","FH","0402CG101J500NT","","","","","","","","","","","1"
"100pF","C19","Capacitor_SMD:C_0402_1005Metric","C1546","FH","0402CG101J500NT","","","","","","","","","","","1"
"1u 50V X7R","C20","Capacitor_SMD:C_0805_2012Metric","C91185","Yageo","CC0805KKX7R9BB105","","","","","","","","","","","1"
"1u 50V X7R","C21","Capacitor_SMD:C_0805_2012Metric","C91185","Yageo","CC0805KKX7R9BB105","","","","","","","","","","","1"
"1u 50V X7R","C26","Capacitor_SMD:C_0805_2012Metric","C91185","Yageo","CC0805KKX7R9BB105","","","","","","","","","","","1"
"100nF","C24","Capacitor_SMD:C_0805_2012Metric","C106243","Yageo","CC0805KKX7R0BB104","","","","","","","","","","","1"
"100nF","C25","Capacitor_SMD:C_0805_2012Metric","C106243","Yageo","CC0805KKX7R0BB104","","","","","","","","","","","1"
"BAV99","D2","LegacyBoard:D2_SOT-23","C2500","Nexperia","BAV99,215","","","","","","","","","","","1"
"GRN","D4","LED_SMD:LED_0805_2012Metric","C2297","Hubei KENTO Elec","KT-0805G","","","","","","","","","","","1"
"RED","D5","LED_SMD:LED_0805_2012Metric","C84256","Foshan NationStar Optoelectronics","NCD0805R1","","","","","","","","","","","1"
"YLW","D6","LED_SMD:LED_0805_2012Metric","C2296","Hubei KENTO Elec","KT-0805Y","","","","","","","","","","","1"
"BAV99","D1","Package_TO_SOT_SMD:SOT-23","C2500","Nexperia","BAV99,215","","","","","","","","","","","1"
"BAV99","D3","Package_TO_SOT_SMD:SOT-23","C2500","Nexperia","BAV99,215","","","","","","","","","","","1"
"BAV99","D9","Package_TO_SOT_SMD:SOT-23","C2500","Nexperia","BAV99,215","","","","","","","","","","","1"
"PMEG2010ER","D10","Diode_SMD:Nexperia_CFP3_SOD-123W","C82288","Nexperia","PMEG2010ER,115","","","","","","1A","20V","","","","1"
"PMEG2010ER","D11","Diode_SMD:Nexperia_CFP3_SOD-123W","C82288","Nexperia","PMEG2010ER,115","","","","","","1A","20V","","","","1"
"MBR0540-TP","D14","Diode_SMD:D_SOD-123","C78744","MCC","MBR0540-TP","","","","","","","","","","","1"
"MBR0540-TP","D15","Diode_SMD:D_SOD-123","C78744","MCC","MBR0540-TP","","","","","","","","","","","1"
"BZT52C12-TP","D16","Diode_SMD:D_SOD-123","C668891","MCC","BZT52C12-TP","","","","","","","","","","","1"
"BZT52C12-TP","D17","Diode_SMD:D_SOD-123","C668891","MCC","BZT52C12-TP","","","","","","","","","","","1"
"SMF16A","D18","Diode_SMD:D_SOD-123F","C399290","SUNMATE Elec","SMF16A","","","","","","","","","","","1"
"SMF16A","D19","Diode_SMD:D_SOD-123F","C399290","SUNMATE Elec","SMF16A","","","","","","","","","","","1"
"500mA","F3","Fuse:Fuse_1206_3216Metric","C163512","Littelfuse","1206L050YR","","","","","500mA","","","","","","1"
"1812L075/33DR","F1","OnionStraws:Fuse_Littelfuse_1812L_Recommended","C151170","Littelfuse","1812L075/33DR","","","","","","","","","","","1"
"1812L075/33DR","F2","OnionStraws:Fuse_Littelfuse_1812L_Recommended","C151170","Littelfuse","1812L075/33DR","","","","","","","","","","","1"
"8P8C","J1","OnionStraws:RJ45_EVERCOM_5301-8P8C_Horizontal","C3097717","EVERCOM","5301-8P8C","","","","","","","","","","","1"
"RECOVERY","J2","OnionStraws:Recovery_Header_2x3_P2.54mm_Vertical","C42391552","hanxia","HX PZ-2.54-02-03-S-PB3.2","","","","","","","","","","","1"
"USB_C_Receptacle_USB2.0_16P","J4","OnionStraws:USB_C_SHOU_HAN_TYPE_C_16PIN_2MD_073_Reviewed","C2765186","SHOU HAN","TYPE-C 16PIN 2MD(073)","","","","","","","","","","","1"
"4.7uH","L1","Inductor_SMD:L_Panasonic_PCC-M0530M","C412309","Panasonic Industry","ETQP3M4R7KVP","","","","3.4A","","","","6.7A","","","1"
"MMBT3904","Q5","Package_TO_SOT_SMD:SOT-23","C20526","Jiangsu Changjing","MMBT3904","","","","","","","","","","","1"
"CJ3407","Q3","Package_TO_SOT_SMD:SOT-23","C15903","Jiangsu Changjing","CJ3407","","","","","","","","","","","1"
"CJ3407","Q4","Package_TO_SOT_SMD:SOT-23","C15903","Jiangsu Changjing","CJ3407","","","","","","","","","","","1"
"4K7","R22","Resistor_SMD:R_0805_2012Metric","C17673","UNI-ROYAL","0805W8F4701T5E","","","","","","","","","","","1"
"10K","R1","Resistor_SMD:R_0805_2012Metric","C17414","UNI-ROYAL","0805W8F1002T5E","","","","","","","","","","","1"
"10K","R2","Resistor_SMD:R_0805_2012Metric","C17414","UNI-ROYAL","0805W8F1002T5E","","","","","","","","","","","1"
"10K","R3","Resistor_SMD:R_0805_2012Metric","C17414","UNI-ROYAL","0805W8F1002T5E","","","","","","","","","","","1"
"10K","R5","Resistor_SMD:R_0805_2012Metric","C17414","UNI-ROYAL","0805W8F1002T5E","","","","","","","","","","","1"
"10K","R14","Resistor_SMD:R_0805_2012Metric","C17414","UNI-ROYAL","0805W8F1002T5E","","","","","","","","","","","1"
"10K","R15","Resistor_SMD:R_0805_2012Metric","C17414","UNI-ROYAL","0805W8F1002T5E","","","","","","","","","","","1"
"10K","R16","Resistor_SMD:R_0805_2012Metric","C17414","UNI-ROYAL","0805W8F1002T5E","","","","","","","","","","","1"
"10K","R17","Resistor_SMD:R_0805_2012Metric","C17414","UNI-ROYAL","0805W8F1002T5E","","","","","","","","","","","1"
"10K","R19","Resistor_SMD:R_0805_2012Metric","C17414","UNI-ROYAL","0805W8F1002T5E","","","","","","","","","","","1"
"10K","R20","Resistor_SMD:R_0805_2012Metric","C17414","UNI-ROYAL","0805W8F1002T5E","","","","","","","","","","","1"
"1K","R10","Resistor_SMD:R_0805_2012Metric","C17513","UNI-ROYAL","0805W8F1001T5E","","","","","","","","","","","1"
"1K","R11","Resistor_SMD:R_0805_2012Metric","C17513","UNI-ROYAL","0805W8F1001T5E","","","","","","","","","","","1"
"1K","R12","Resistor_SMD:R_0805_2012Metric","C17513","UNI-ROYAL","0805W8F1001T5E","","","","","","","","","","","1"
"1K","R13","Resistor_SMD:R_0805_2012Metric","C17513","UNI-ROYAL","0805W8F1001T5E","","","","","","","","","","","1"
"1K","R23","Resistor_SMD:R_0805_2012Metric","C17513","UNI-ROYAL","0805W8F1001T5E","","","","","","","","","","","1"
"1K","R24","Resistor_SMD:R_0805_2012Metric","C17513","UNI-ROYAL","0805W8F1001T5E","","","","","","","","","","","1"
"1K","R25","Resistor_SMD:R_0805_2012Metric","C17513","UNI-ROYAL","0805W8F1001T5E","","","","","","","","","","","1"
"220k","R18","Resistor_SMD:R_0805_2012Metric","C104108","RALEC","RTT052203FTP","","","","","","","","","","","1"
"220k","R21","Resistor_SMD:R_0805_2012Metric","C104108","RALEC","RTT052203FTP","","","","","","","","","","","1"
"220k","R38","Resistor_SMD:R_0805_2012Metric","C104108","RALEC","RTT052203FTP","","","","","","","","","","","1"
"5.1k","R26","Resistor_SMD:R_0603_1608Metric","C105580","Yageo","RC0603FR-075K1L","","1%","","","","","","","","","1"
"5.1k","R27","Resistor_SMD:R_0603_1608Metric","C105580","Yageo","RC0603FR-075K1L","","1%","","","","","","","","","1"
"22R","R28","Resistor_SMD:R_0603_1608Metric","C107701","Yageo","RC0603FR-0722RL","","1%","","","","","","","","","1"
"22R","R29","Resistor_SMD:R_0603_1608Metric","C107701","Yageo","RC0603FR-0722RL","","1%","","","","","","","","","1"
"5.1k","R31","Resistor_SMD:R_0805_2012Metric","C27834","UNI-ROYAL","0805W8F5101T5E","","","","","","","","","","","1"
"5.1k","R32","Resistor_SMD:R_0805_2012Metric","C27834","UNI-ROYAL","0805W8F5101T5E","","","","","","","","","","","1"
"51R","R33","Resistor_SMD:R_0805_2012Metric","C17738","UNI-ROYAL","0805W8F510JT5E","","","","","","","","","","","1"
"51R","R34","Resistor_SMD:R_0805_2012Metric","C17738","UNI-ROYAL","0805W8F510JT5E","","","","","","","","","","","1"
"10k","R35","Resistor_SMD:R_0805_2012Metric","C17414","UNI-ROYAL","0805W8F1002T5E","","","","","","","","","","","1"
"10k","R36","Resistor_SMD:R_0805_2012Metric","C17414","UNI-ROYAL","0805W8F1002T5E","","","","","","","","","","","1"
"10k","R37","Resistor_SMD:R_0805_2012Metric","C17414","UNI-ROYAL","0805W8F1002T5E","","","","","","","","","","","1"
"3.3k 1%","R39","Resistor_SMD:R_0603_1608Metric","C22978","UNI-ROYAL","0603WAF3301T5E","","","","","","","","","","","1"
"3.3k 1%","R40","Resistor_SMD:R_0603_1608Metric","C22978","UNI-ROYAL","0603WAF3301T5E","","","","","","","","","","","1"
"220","R4","Resistor_SMD:R_0805_2012Metric","C17557","UNI-ROYAL","0805W8F2200T5E","","","","","","","","","","","1"
"220","R6","Resistor_SMD:R_0805_2012Metric","C17557","UNI-ROYAL","0805W8F2200T5E","","","","","","","","","","","1"
"220","R7","Resistor_SMD:R_0805_2012Metric","C17557","UNI-ROYAL","0805W8F2200T5E","","","","","","","","","","","1"
"100k 1%","R41","Resistor_SMD:R_0805_2012Metric","C149504","UNI-ROYAL","0805W8F1003T5E","","","","","","","","","","","1"
"100k 1%","R42","Resistor_SMD:R_0805_2012Metric","C149504","UNI-ROYAL","0805W8F1003T5E","","","","","","","","","","","1"
"SW_Push","SW1","Button_Switch_SMD:SW_Push_1P1T_XKB_TS-1187A","C318884","XKB Connection","TS-1187A-B-A-B","","","","","","","","","","","1"
"SW_Push","SW2","LegacyBoard:SW2_SW_Push_1P1T_XKB_TS-1187A","C318884","XKB Connection","TS-1187A-B-A-B","","","","","","","","","","","1"
"ESP32-C3-WROOM-02","U2","LegacyBoard:U2_ESP32-C3-WROOM-02","C2934560","Espressif Systems","ESP32-C3-WROOM-02-N4","","","","","","","","","","","1"
"74LVC2G07","U4","Package_TO_SOT_SMD:SOT-23-6","C151607","Diodes Incorporated","74LVC2G07W6-7","","","","","","","","","","","1"
"74LVC2G07_3v3","U5","Package_TO_SOT_SMD:SOT-23-6","C151607","Diodes Incorporated","74LVC2G07W6-7","","","","","","","","","","","1"
"AP2112K-3.3","U6","Package_TO_SOT_SMD:SOT-23-5","C51118","Diodes Incorporated","AP2112K-3.3TRG1","","","","","","","","","","600mA","1"
"USBLC6-2SC6","U7","Package_TO_SOT_SMD:SOT-23-6","C7519","STMicroelectronics","USBLC6-2SC6","","","","","","","","","","","1"
"AP63205WU","U8","Package_TO_SOT_SMD:TSOT-23-6","C2071056","Diodes Incorporated","AP63205WU-7","","","","","","","","","3.8V to 32V","2A","1"
"TPS1H200AQDGNRQ1","U9","OnionStraws:TPS1H200A_DGN0008K_TI_RevE","C2653785","Texas Instruments","TPS1H200AQDGNRQ1","","","","","","","","","","","1"
"TPS1H200AQDGNRQ1","U10","OnionStraws:TPS1H200A_DGN0008K_TI_RevE","C2653785","Texas Instruments","TPS1H200AQDGNRQ1","","","","","","","","","","","1"
