revision,reference,pin,function,net
rev1.0,C10,1,,+3V3
rev1.0,C11,2,,+3V3
rev1.0,R6,2,,+3V3
rev1.0,R8,2,,+3V3
rev1.0,R9,2,,+3V3
rev1.0,TP7,1,1,+3V3
rev1.0,U2,5,+3V3,+3V3
rev1.0,U3,1,3v3,+3V3
rev1.0,C1,1,,+5V
rev1.0,C2,1,,+5V
rev1.0,C3,1,,+5V
rev1.0,C6,1,,+5V
rev1.0,C7,1,,+5V
rev1.0,C8,1,,+5V
rev1.0,C9,2,,+5V
rev1.0,D1,2,A,+5V
rev1.0,D2,2,A,+5V
rev1.0,D3,2,A,+5V
rev1.0,D5,1,K,+5V
rev1.0,J1,1,Pin_1,+5V
rev1.0,R10,2,,+5V
rev1.0,R13,2,,+5V
rev1.0,R17,2,,+5V
rev1.0,TP5,1,1,+5V
rev1.0,U1,5,VCC,+5V
rev1.0,U3,19,5VIN,+5V
rev1.0,U4,3,Vcc,+5V
rev1.0,D7,2,A2,/p1
rev1.0,F1,1,,/p1
rev1.0,Q1,3,D,/p1
rev1.0,C4,1,,/p2
rev1.0,Q1,2,S,/p2
rev1.0,Q2,2,S,/p2
rev1.0,R1,2,,/p2
rev1.0,C5,1,,/p3
rev1.0,J1,3,Pin_3,/p3
rev1.0,Q2,3,D,/p3
rev1.0,D2,3,K,GEA_FullRx
rev1.0,J2,5,,GEA_FullRx
rev1.0,R15,2,,GEA_FullRx
rev1.0,D3,3,K,GEA_FullTx
rev1.0,J2,4,,GEA_FullTx
rev1.0,R18,2,,GEA_FullTx
rev1.0,D1,3,K,GEA_HalfDplx
rev1.0,J2,7,,GEA_HalfDplx
rev1.0,R4,2,,GEA_HalfDplx
rev1.0,C1,2,,GND
rev1.0,C10,2,,GND
rev1.0,C11,1,,GND
rev1.0,C2,2,,GND
rev1.0,C3,2,,GND
rev1.0,C5,2,,GND
rev1.0,C6,2,,GND
rev1.0,C7,2,,GND
rev1.0,C8,2,,GND
rev1.0,C9,1,,GND
rev1.0,D1,1,K,GND
rev1.0,D2,1,K,GND
rev1.0,D3,1,K,GND
rev1.0,D5,2,A,GND
rev1.0,D6,1,K,GND
rev1.0,D7,1,A1,GND
rev1.0,J1,2,Pin_2,GND
rev1.0,J2,8,,GND
rev1.0,Q1,1,G,GND
rev1.0,R2,1,,GND
rev1.0,R3,2,,GND
rev1.0,R7,1,,GND
rev1.0,R77,2,,GND
rev1.0,R88,1,,GND
rev1.0,R99,1,,GND
rev1.0,SW1,1,1,GND
rev1.0,TP3,1,1,GND
rev1.0,U1,2,GND,GND
rev1.0,U2,2,GND,GND
rev1.0,U3,14,GND,GND
rev1.0,U3,32,GND,GND
rev1.0,U3,38,GND,GND
rev1.0,U4,1,GND,GND
rev1.0,D4,2,A,Net-(D4-A)
rev1.0,R3,1,,Net-(D4-A)
rev1.0,R4,1,,Net-(D4-A)
rev1.0,R5,2,,Net-(D4-A)
rev1.0,TP2,1,1,Net-(D4-A)
rev1.0,U1,1,,Net-(D4-A)
rev1.0,D4,3,K,Net-(D4-K-Pad3)
rev1.0,R10,1,,Net-(D4-K-Pad3)
rev1.0,R5,1,,Net-(D4-K-Pad3)
rev1.0,U2,6,,Net-(D4-K-Pad3)
rev1.0,D6,2,A,Net-(D6-A)
rev1.0,R19,1,,Net-(D6-A)
rev1.0,C4,2,,Net-(Q2-G)
rev1.0,Q2,1,G,Net-(Q2-G)
rev1.0,R1,1,,Net-(Q2-G)
rev1.0,R2,2,,Net-(Q2-G)
rev1.0,R11,2,,Net-(R11-Pad2)
rev1.0,R6,1,,Net-(R11-Pad2)
rev1.0,U1,6,,Net-(R11-Pad2)
rev1.0,R12,2,,Net-(R12-Pad2)
rev1.0,R7,2,,Net-(R12-Pad2)
rev1.0,U2,1,,Net-(R12-Pad2)
rev1.0,R13,1,,Net-(R13-Pad1)
rev1.0,R15,1,,Net-(R13-Pad1)
rev1.0,TP4,1,1,Net-(R13-Pad1)
rev1.0,U2,4,,Net-(R13-Pad1)
rev1.0,R14,2,,Net-(R14-Pad2)
rev1.0,R8,1,,Net-(R14-Pad2)
rev1.0,R88,2,,Net-(R14-Pad2)
rev1.0,U2,3,,Net-(R14-Pad2)
rev1.0,R16,2,,Net-(R16-Pad2)
rev1.0,R9,1,,Net-(R16-Pad2)
rev1.0,R99,2,,Net-(R16-Pad2)
rev1.0,U1,4,,Net-(R16-Pad2)
rev1.0,R17,1,,Net-(R17-Pad1)
rev1.0,R18,1,,Net-(R17-Pad1)
rev1.0,R77,1,,Net-(R17-Pad1)
rev1.0,TP6,1,1,Net-(R17-Pad1)
rev1.0,U1,3,,Net-(R17-Pad1)
rev1.0,U3,2,EN,Net-(U3-EN)
rev1.0,U4,2,~{RESET},Net-(U3-EN)
rev1.0,R19,2,,Net-(U3-GPIO13)
rev1.0,U3,15,GPIO13,Net-(U3-GPIO13)
rev1.0,SW1,2,2,Net-(U3-GPIO14)
rev1.0,U3,12,GPIO14,Net-(U3-GPIO14)
rev1.0,R16,1,,Net-(U3-GPIO16)
rev1.0,U3,27,GPIO16,Net-(U3-GPIO16)
rev1.0,R14,1,,Net-(U3-GPIO17)
rev1.0,U3,28,GPIO17,Net-(U3-GPIO17)
rev1.0,R12,1,,Net-(U3-GPIO18)
rev1.0,U3,30,GPIO18,Net-(U3-GPIO18)
rev1.0,R11,1,,Net-(U3-GPIO19)
rev1.0,U3,31,GPIO19,Net-(U3-GPIO19)
rev1.0,F1,2,,VDC
rev1.0,J2,1,,VDC
rev1.0,TP1,1,1,VDC
rev1.0,D4,1,K,unconnected-(D4-K-Pad1)
rev1.0,J1,4,Pin_4,unconnected-(J1-Pin_4-Pad4)
rev1.0,J2,2,,unconnected-(J2-Pad2)
rev1.0,J2,3,,unconnected-(J2-Pad3)
rev1.0,J2,6,,unconnected-(J2-Pad6)
rev1.0,U3,26,GPIO4,unconnected-(U3-GPIO4-Pad26)
rev1.0,U3,29,GPIO5,unconnected-(U3-GPIO5-Pad29)
rev1.0,U3,23,GPIO15,unconnected-(U3-GPIO15-Pad23)
rev1.0,U3,33,GPIO21,unconnected-(U3-GPIO21-Pad33)
rev1.0,U3,36,GPIO22,unconnected-(U3-GPIO22-Pad36)
rev1.0,U3,37,GPIO23,unconnected-(U3-GPIO23-Pad37)
rev1.0,U3,9,GPIO25,unconnected-(U3-GPIO25-Pad9)
rev1.0,U3,10,GPIO26,unconnected-(U3-GPIO26-Pad10)
rev1.0,U3,11,GPIO27,unconnected-(U3-GPIO27-Pad11)
rev1.0,U3,7,GPIO32,unconnected-(U3-GPIO32-Pad7)
rev1.0,U3,8,GPIO33,unconnected-(U3-GPIO33-Pad8)
rev1.0,U3,5,GPIO34,unconnected-(U3-GPIO34-Pad5)
rev1.0,U3,6,GPIO35,unconnected-(U3-GPIO35-Pad6)
rev1.0,U3,3,GPIO36,unconnected-(U3-GPIO36-Pad3)
rev1.0,U3,4,GPIO39,unconnected-(U3-GPIO39-Pad4)
rev1.0,U3,13,NC,unconnected-(U3-NC-Pad13)
rev1.0,U3,16,NC,unconnected-(U3-NC-Pad16)
rev1.0,U3,17,NC,unconnected-(U3-NC-Pad17)
rev1.0,U3,18,NC,unconnected-(U3-NC-Pad18)
rev1.0,U3,20,NC,unconnected-(U3-NC-Pad20)
rev1.0,U3,21,NC,unconnected-(U3-NC-Pad21)
rev1.0,U3,22,NC,unconnected-(U3-NC-Pad22)
rev1.0,U3,34,NC,unconnected-(U3-NC-Pad34)
rev1.0,U3,35,NC,unconnected-(U3-NC-Pad35)
rev1.0,U3,25,OB_BUT,unconnected-(U3-OB_BUT-Pad25)
rev1.0,U3,24,OB_LED,unconnected-(U3-OB_LED-Pad24)
rev2.0,C13,1,,+3V3
rev2.0,C14,2,,+3V3
rev2.0,C2,1,,+3V3
rev2.0,C4,2,,+3V3
rev2.0,C6,2,,+3V3
rev2.0,J2,1,Pin_1,+3V3
rev2.0,J3,2,Pin_2,+3V3
rev2.0,R1,2,,+3V3
rev2.0,R14,2,,+3V3
rev2.0,R16,2,,+3V3
rev2.0,R17,2,,+3V3
rev2.0,R2,1,,+3V3
rev2.0,R3,2,,+3V3
rev2.0,R4,2,,+3V3
rev2.0,R5,2,,+3V3
rev2.0,TP2,1,1,+3V3
rev2.0,U1,3,Vcc,+3V3
rev2.0,U2,1,3V3,+3V3
rev2.0,U5,5,+3V3,+3V3
rev2.0,U6,3,VOUT,+3V3
rev2.0,C1,1,,+5V
rev2.0,C11,1,,+5V
rev2.0,C12,2,,+5V
rev2.0,C3,1,,+5V
rev2.0,C5,1,,+5V
rev2.0,C7,1,,+5V
rev2.0,D1,2,A,+5V
rev2.0,D2,2,A,+5V
rev2.0,D3,2,A,+5V
rev2.0,D8,1,K,+5V
rev2.0,R19,2,,+5V
rev2.0,R20,2,,+5V
rev2.0,R21,2,,+5V
rev2.0,TP1,1,1,+5V
rev2.0,U3,3,OUT,+5V
rev2.0,U4,5,VCC,+5V
rev2.0,U6,1,VIN,+5V
rev2.0,F1,1,,/ALT_PWR
rev2.0,J1,3,,/ALT_PWR
rev2.0,J2,3,Pin_3,/BOOT
rev2.0,J3,6,Pin_6,/BOOT
rev2.0,JP1,3,B,/BOOT
rev2.0,R2,2,,/BOOT
rev2.0,SW2,2,2,/BOOT
rev2.0,U2,8,IO9,/BOOT
rev2.0,R1,1,,/BOOT_SEL
rev2.0,SW1,1,1,/BOOT_SEL
rev2.0,U2,7,IO8,/BOOT_SEL
rev2.0,D5,1,K,/DBG_LED
rev2.0,R5,1,,/DBG_LED
rev2.0,U2,16,IO2,/DBG_LED
rev2.0,J2,6,Pin_6,/EN
rev2.0,J3,1,Pin_1,/EN
rev2.0,R3,1,,/EN
rev2.0,U1,2,~{RESET},/EN
rev2.0,U2,2,EN,/EN
rev2.0,R7,2,,/LED1
rev2.0,U2,3,IO4,/LED1
rev2.0,R6,1,,/LED2
rev2.0,U2,15,IO3,/LED2
rev2.0,D7,2,A2,/p1
rev2.0,JP2,2,C,/p1
rev2.0,Q1,3,D,/p1
rev2.0,TP3,1,1,/p1
rev2.0,C8,1,,/p2
rev2.0,Q1,2,S,/p2
rev2.0,Q2,2,S,/p2
rev2.0,R8,2,,/p2
rev2.0,C10,2,,/p3
rev2.0,C9,1,,/p3
rev2.0,Q2,3,D,/p3
rev2.0,U3,1,IN,/p3
rev2.0,R10,1,,GEA2_RX
rev2.0,U2,10,IO10,GEA2_RX
rev2.0,JP1,2,C,GEA2_TX
rev2.0,R11,1,,GEA2_TX
rev2.0,J2,5,Pin_5,GEA3_RX
rev2.0,J3,3,Pin_3,GEA3_RX
rev2.0,R12,1,,GEA3_RX
rev2.0,U2,12,IO21/TXD,GEA3_RX
rev2.0,J2,4,Pin_4,GEA3_TX
rev2.0,J3,5,Pin_5,GEA3_TX
rev2.0,R13,1,,GEA3_TX
rev2.0,U2,11,IO20/RXD,GEA3_TX
rev2.0,D2,3,K,GEA_FullRx
rev2.0,J1,5,,GEA_FullRx
rev2.0,R24,2,,GEA_FullRx
rev2.0,D3,3,K,GEA_FullTx
rev2.0,J1,4,,GEA_FullTx
rev2.0,R25,2,,GEA_FullTx
rev2.0,D1,3,K,GEA_HalfDplx
rev2.0,J1,7,,GEA_HalfDplx
rev2.0,R23,2,,GEA_HalfDplx
rev2.0,C1,2,,GND
rev2.0,C10,1,,GND
rev2.0,C11,2,,GND
rev2.0,C12,1,,GND
rev2.0,C13,2,,GND
rev2.0,C14,1,,GND
rev2.0,C2,2,,GND
rev2.0,C3,2,,GND
rev2.0,C4,1,,GND
rev2.0,C5,2,,GND
rev2.0,C6,1,,GND
rev2.0,C7,2,,GND
rev2.0,C9,2,,GND
rev2.0,D1,1,K,GND
rev2.0,D2,1,K,GND
rev2.0,D3,1,K,GND
rev2.0,D4,1,K,GND
rev2.0,D6,1,K,GND
rev2.0,D7,1,A1,GND
rev2.0,D8,2,A,GND
rev2.0,J1,8,,GND
rev2.0,J2,2,Pin_2,GND
rev2.0,J3,4,Pin_4,GND
rev2.0,Q1,1,G,GND
rev2.0,R15,1,,GND
rev2.0,R18,2,,GND
rev2.0,R9,1,,GND
rev2.0,SW1,2,2,GND
rev2.0,SW2,1,1,GND
rev2.0,U1,1,GND,GND
rev2.0,U2,19,GND,GND
rev2.0,U2,9,GND,GND
rev2.0,U3,2,GND,GND
rev2.0,U4,2,GND,GND
rev2.0,U5,2,GND,GND
rev2.0,U6,2,GND,GND
rev2.0,D4,2,A,Net-(D4-A)
rev2.0,R6,2,,Net-(D4-A)
rev2.0,D5,2,A,Net-(D5-A)
rev2.0,R4,1,,Net-(D5-A)
rev2.0,D6,2,A,Net-(D6-A)
rev2.0,R7,1,,Net-(D6-A)
rev2.0,D9,2,A,Net-(D9-A)
rev2.0,R18,1,,Net-(D9-A)
rev2.0,R22,2,,Net-(D9-A)
rev2.0,R23,1,,Net-(D9-A)
rev2.0,TP4,1,1,Net-(D9-A)
rev2.0,U4,1,,Net-(D9-A)
rev2.0,D9,3,K,Net-(D9-K-Pad3)
rev2.0,R19,1,,Net-(D9-K-Pad3)
rev2.0,R22,1,,Net-(D9-K-Pad3)
rev2.0,U5,6,,Net-(D9-K-Pad3)
rev2.0,JP1,1,A,Net-(JP1-A)
rev2.0,U2,4,IO5,Net-(JP1-A)
rev2.0,F2,2,,Net-(JP2-A)
rev2.0,JP2,1,A,Net-(JP2-A)
rev2.0,F1,2,,Net-(JP2-B)
rev2.0,JP2,3,B,Net-(JP2-B)
rev2.0,C8,2,,Net-(Q2-G)
rev2.0,Q2,1,G,Net-(Q2-G)
rev2.0,R8,1,,Net-(Q2-G)
rev2.0,R9,2,,Net-(Q2-G)
rev2.0,R10,2,,Net-(R10-Pad2)
rev2.0,R14,1,,Net-(R10-Pad2)
rev2.0,U4,6,,Net-(R10-Pad2)
rev2.0,R11,2,,Net-(R11-Pad2)
rev2.0,R15,2,,Net-(R11-Pad2)
rev2.0,U5,1,,Net-(R11-Pad2)
rev2.0,R12,2,,Net-(R12-Pad2)
rev2.0,R16,1,,Net-(R12-Pad2)
rev2.0,U5,3,,Net-(R12-Pad2)
rev2.0,R13,2,,Net-(R13-Pad2)
rev2.0,R17,1,,Net-(R13-Pad2)
rev2.0,U4,4,,Net-(R13-Pad2)
rev2.0,R20,1,,Net-(R20-Pad1)
rev2.0,R24,1,,Net-(R20-Pad1)
rev2.0,TP5,1,1,Net-(R20-Pad1)
rev2.0,U5,4,,Net-(R20-Pad1)
rev2.0,R21,1,,Net-(R21-Pad1)
rev2.0,R25,1,,Net-(R21-Pad1)
rev2.0,TP6,1,1,Net-(R21-Pad1)
rev2.0,U4,3,,Net-(R21-Pad1)
rev2.0,F2,1,,VDC
rev2.0,J1,1,,VDC
rev2.0,D9,1,K,unconnected-(D9-K-Pad1)
rev2.0,J1,2,,unconnected-(J1-Pad2)
rev2.0,J1,6,,unconnected-(J1-Pad6)
rev2.0,U2,18,IO0,unconnected-(U2-IO0-Pad18)
rev2.0,U2,17,IO1,unconnected-(U2-IO1-Pad17)
rev2.0,U2,5,IO6,unconnected-(U2-IO6-Pad5)
rev2.0,U2,6,IO7,unconnected-(U2-IO7-Pad6)
rev2.0,U2,13,IO18,unconnected-(U2-IO18-Pad13)
rev2.0,U2,14,IO19,unconnected-(U2-IO19-Pad14)
rev2.1,C13,1,,+3V3
rev2.1,C14,2,,+3V3
rev2.1,C2,1,,+3V3
rev2.1,C4,2,,+3V3
rev2.1,C6,2,,+3V3
rev2.1,J2,1,Pin_1,+3V3
rev2.1,J3,2,Pin_2,+3V3
rev2.1,R1,2,,+3V3
rev2.1,R14,2,,+3V3
rev2.1,R16,2,,+3V3
rev2.1,R17,2,,+3V3
rev2.1,R2,1,,+3V3
rev2.1,R3,2,,+3V3
rev2.1,R4,2,,+3V3
rev2.1,R5,2,,+3V3
rev2.1,TP2,1,1,+3V3
rev2.1,U1,3,Vcc,+3V3
rev2.1,U2,1,3V3,+3V3
rev2.1,U5,5,+3V3,+3V3
rev2.1,U6,3,VOUT,+3V3
rev2.1,C1,1,,+5V
rev2.1,C11,1,,+5V
rev2.1,C12,2,,+5V
rev2.1,C3,1,,+5V
rev2.1,C5,1,,+5V
rev2.1,C7,1,,+5V
rev2.1,D1,2,A,+5V
rev2.1,D2,2,A,+5V
rev2.1,D3,2,A,+5V
rev2.1,D8,1,K,+5V
rev2.1,R19,2,,+5V
rev2.1,R20,2,,+5V
rev2.1,R21,2,,+5V
rev2.1,TP1,1,1,+5V
rev2.1,U3,3,OUT,+5V
rev2.1,U4,5,+5V,+5V
rev2.1,U6,1,VIN,+5V
rev2.1,F1,1,,/ALT_PWR
rev2.1,J1,3,,/ALT_PWR
rev2.1,J2,3,Pin_3,/BOOT
rev2.1,J3,6,Pin_6,/BOOT
rev2.1,JP1,3,B,/BOOT
rev2.1,R2,2,,/BOOT
rev2.1,SW2,2,2,/BOOT
rev2.1,U2,8,IO9,/BOOT
rev2.1,R1,1,,/BOOT_SEL
rev2.1,SW1,1,1,/BOOT_SEL
rev2.1,U2,7,IO8,/BOOT_SEL
rev2.1,D5,1,K,/DBG_LED
rev2.1,R5,1,,/DBG_LED
rev2.1,U2,16,IO2,/DBG_LED
rev2.1,J2,6,Pin_6,/EN
rev2.1,J3,1,Pin_1,/EN
rev2.1,R3,1,,/EN
rev2.1,U1,2,~{RESET},/EN
rev2.1,U2,2,EN,/EN
rev2.1,R7,2,,/LED1
rev2.1,U2,3,IO4,/LED1
rev2.1,R6,1,,/LED2
rev2.1,U2,15,IO3,/LED2
rev2.1,D7,2,A2,/p1
rev2.1,JP2,2,C,/p1
rev2.1,Q1,3,D,/p1
rev2.1,TP3,1,1,/p1
rev2.1,C8,1,,/p2
rev2.1,Q1,2,S,/p2
rev2.1,Q2,2,S,/p2
rev2.1,R8,2,,/p2
rev2.1,C10,2,,/p3
rev2.1,C9,1,,/p3
rev2.1,Q2,3,D,/p3
rev2.1,U3,1,IN,/p3
rev2.1,R10,1,,GEA2_RX
rev2.1,U2,10,IO10,GEA2_RX
rev2.1,JP1,2,C,GEA2_TX
rev2.1,R11,1,,GEA2_TX
rev2.1,J2,5,Pin_5,GEA3_RX
rev2.1,J3,3,Pin_3,GEA3_RX
rev2.1,R12,1,,GEA3_RX
rev2.1,U2,12,IO21/TXD,GEA3_RX
rev2.1,J2,4,Pin_4,GEA3_TX
rev2.1,J3,5,Pin_5,GEA3_TX
rev2.1,R13,1,,GEA3_TX
rev2.1,U2,11,IO20/RXD,GEA3_TX
rev2.1,D2,3,K,GEA_FullRx
rev2.1,J1,5,,GEA_FullRx
rev2.1,R24,2,,GEA_FullRx
rev2.1,D3,3,K,GEA_FullTx
rev2.1,J1,4,,GEA_FullTx
rev2.1,R25,2,,GEA_FullTx
rev2.1,D1,3,K,GEA_HalfDplx
rev2.1,J1,7,,GEA_HalfDplx
rev2.1,R23,2,,GEA_HalfDplx
rev2.1,C1,2,,GND
rev2.1,C10,1,,GND
rev2.1,C11,2,,GND
rev2.1,C12,1,,GND
rev2.1,C13,2,,GND
rev2.1,C14,1,,GND
rev2.1,C2,2,,GND
rev2.1,C3,2,,GND
rev2.1,C4,1,,GND
rev2.1,C5,2,,GND
rev2.1,C6,1,,GND
rev2.1,C7,2,,GND
rev2.1,C9,2,,GND
rev2.1,D1,1,K,GND
rev2.1,D2,1,K,GND
rev2.1,D3,1,K,GND
rev2.1,D4,1,K,GND
rev2.1,D6,1,K,GND
rev2.1,D7,1,A1,GND
rev2.1,D8,2,A,GND
rev2.1,J1,8,,GND
rev2.1,J2,2,Pin_2,GND
rev2.1,J3,4,Pin_4,GND
rev2.1,Q1,1,G,GND
rev2.1,R15,1,,GND
rev2.1,R18,2,,GND
rev2.1,R9,1,,GND
rev2.1,SW1,2,2,GND
rev2.1,SW2,1,1,GND
rev2.1,TP7,1,1,GND
rev2.1,U1,1,GND,GND
rev2.1,U2,19,GND,GND
rev2.1,U2,9,GND,GND
rev2.1,U3,2,GND,GND
rev2.1,U4,2,GND,GND
rev2.1,U5,2,GND,GND
rev2.1,U6,2,GND,GND
rev2.1,D4,2,A,Net-(D4-A)
rev2.1,R6,2,,Net-(D4-A)
rev2.1,D5,2,A,Net-(D5-A)
rev2.1,R4,1,,Net-(D5-A)
rev2.1,D6,2,A,Net-(D6-A)
rev2.1,R7,1,,Net-(D6-A)
rev2.1,D9,2,A,Net-(D9-A)
rev2.1,R18,1,,Net-(D9-A)
rev2.1,R22,2,,Net-(D9-A)
rev2.1,R23,1,,Net-(D9-A)
rev2.1,TP4,1,1,Net-(D9-A)
rev2.1,U4,1,,Net-(D9-A)
rev2.1,D9,3,K,Net-(D9-K-Pad3)
rev2.1,R19,1,,Net-(D9-K-Pad3)
rev2.1,R22,1,,Net-(D9-K-Pad3)
rev2.1,U5,6,,Net-(D9-K-Pad3)
rev2.1,JP1,1,A,Net-(JP1-A)
rev2.1,U2,4,IO5,Net-(JP1-A)
rev2.1,F2,2,,Net-(JP2-A)
rev2.1,JP2,1,A,Net-(JP2-A)
rev2.1,F1,2,,Net-(JP2-B)
rev2.1,JP2,3,B,Net-(JP2-B)
rev2.1,C8,2,,Net-(Q2-G)
rev2.1,Q2,1,G,Net-(Q2-G)
rev2.1,R8,1,,Net-(Q2-G)
rev2.1,R9,2,,Net-(Q2-G)
rev2.1,R10,2,,Net-(R10-Pad2)
rev2.1,R14,1,,Net-(R10-Pad2)
rev2.1,U4,6,,Net-(R10-Pad2)
rev2.1,R11,2,,Net-(R11-Pad2)
rev2.1,R15,2,,Net-(R11-Pad2)
rev2.1,U5,1,,Net-(R11-Pad2)
rev2.1,R12,2,,Net-(R12-Pad2)
rev2.1,R16,1,,Net-(R12-Pad2)
rev2.1,U5,3,,Net-(R12-Pad2)
rev2.1,R13,2,,Net-(R13-Pad2)
rev2.1,R17,1,,Net-(R13-Pad2)
rev2.1,U4,4,,Net-(R13-Pad2)
rev2.1,R20,1,,Net-(R20-Pad1)
rev2.1,R24,1,,Net-(R20-Pad1)
rev2.1,TP5,1,1,Net-(R20-Pad1)
rev2.1,U5,4,,Net-(R20-Pad1)
rev2.1,R21,1,,Net-(R21-Pad1)
rev2.1,R25,1,,Net-(R21-Pad1)
rev2.1,TP6,1,1,Net-(R21-Pad1)
rev2.1,U4,3,,Net-(R21-Pad1)
rev2.1,F2,1,,VDC
rev2.1,J1,1,,VDC
rev2.1,D9,1,K,unconnected-(D9-K-Pad1)
rev2.1,J1,2,,unconnected-(J1-Pad2)
rev2.1,J1,6,,unconnected-(J1-Pad6)
rev2.1,U2,18,IO0,unconnected-(U2-IO0-Pad18)
rev2.1,U2,17,IO1,unconnected-(U2-IO1-Pad17)
rev2.1,U2,5,IO6,unconnected-(U2-IO6-Pad5)
rev2.1,U2,6,IO7,unconnected-(U2-IO7-Pad6)
rev2.1,U2,13,IO18,unconnected-(U2-IO18-Pad13)
rev2.1,U2,14,IO19,unconnected-(U2-IO19-Pad14)
rev2.2,C13,1,,+3V3
rev2.2,C14,2,,+3V3
rev2.2,C2,1,,+3V3
rev2.2,C4,2,,+3V3
rev2.2,C6,2,,+3V3
rev2.2,J2,1,Pin_1,+3V3
rev2.2,J3,2,Pin_2,+3V3
rev2.2,R1,2,,+3V3
rev2.2,R14,2,,+3V3
rev2.2,R16,2,,+3V3
rev2.2,R17,2,,+3V3
rev2.2,R2,1,,+3V3
rev2.2,R3,2,,+3V3
rev2.2,R4,2,,+3V3
rev2.2,R5,2,,+3V3
rev2.2,TP2,1,1,+3V3
rev2.2,U1,3,Vcc,+3V3
rev2.2,U2,1,3V3,+3V3
rev2.2,U5,5,+3V3,+3V3
rev2.2,U6,3,VOUT,+3V3
rev2.2,C1,1,,+5V
rev2.2,C11,1,,+5V
rev2.2,C12,2,,+5V
rev2.2,C3,1,,+5V
rev2.2,C5,1,,+5V
rev2.2,C7,1,,+5V
rev2.2,D1,2,A,+5V
rev2.2,D2,2,A,+5V
rev2.2,D3,2,A,+5V
rev2.2,D8,1,K,+5V
rev2.2,R19,2,,+5V
rev2.2,R20,2,,+5V
rev2.2,R21,2,,+5V
rev2.2,TP1,1,1,+5V
rev2.2,U3,3,OUT,+5V
rev2.2,U4,5,+5V,+5V
rev2.2,U6,1,VIN,+5V
rev2.2,F1,1,,/ALT_PWR
rev2.2,J1,3,,/ALT_PWR
rev2.2,J2,3,Pin_3,/BOOT
rev2.2,J3,6,Pin_6,/BOOT
rev2.2,JP1,3,B,/BOOT
rev2.2,R2,2,,/BOOT
rev2.2,SW2,2,2,/BOOT
rev2.2,U2,8,IO9,/BOOT
rev2.2,R1,1,,/BOOT_SEL
rev2.2,SW1,1,1,/BOOT_SEL
rev2.2,U2,7,IO8,/BOOT_SEL
rev2.2,D5,1,K,/DBG_LED
rev2.2,R5,1,,/DBG_LED
rev2.2,U2,16,IO2,/DBG_LED
rev2.2,J2,6,Pin_6,/EN
rev2.2,J3,1,Pin_1,/EN
rev2.2,R3,1,,/EN
rev2.2,U1,2,~{RESET},/EN
rev2.2,U2,2,EN,/EN
rev2.2,R7,2,,/LED1
rev2.2,U2,3,IO4,/LED1
rev2.2,R6,1,,/LED2
rev2.2,U2,15,IO3,/LED2
rev2.2,D7,2,A2,/p1
rev2.2,JP2,2,C,/p1
rev2.2,Q1,3,D,/p1
rev2.2,TP3,1,1,/p1
rev2.2,C8,1,,/p2
rev2.2,Q1,2,S,/p2
rev2.2,Q2,2,S,/p2
rev2.2,R8,2,,/p2
rev2.2,C10,2,,/p3
rev2.2,C9,1,,/p3
rev2.2,Q2,3,D,/p3
rev2.2,U3,1,IN,/p3
rev2.2,R10,1,,GEA2_RX
rev2.2,U2,10,IO10,GEA2_RX
rev2.2,JP1,2,C,GEA2_TX
rev2.2,R11,1,,GEA2_TX
rev2.2,J2,5,Pin_5,GEA3_RX
rev2.2,J3,3,Pin_3,GEA3_RX
rev2.2,R12,1,,GEA3_RX
rev2.2,U2,12,IO21/TXD,GEA3_RX
rev2.2,J2,4,Pin_4,GEA3_TX
rev2.2,J3,5,Pin_5,GEA3_TX
rev2.2,R13,1,,GEA3_TX
rev2.2,U2,11,IO20/RXD,GEA3_TX
rev2.2,D2,3,K,GEA_FullRx
rev2.2,J1,5,,GEA_FullRx
rev2.2,R24,2,,GEA_FullRx
rev2.2,D3,3,K,GEA_FullTx
rev2.2,J1,4,,GEA_FullTx
rev2.2,R25,2,,GEA_FullTx
rev2.2,D1,3,K,GEA_HalfDplx
rev2.2,J1,7,,GEA_HalfDplx
rev2.2,R23,2,,GEA_HalfDplx
rev2.2,C1,2,,GND
rev2.2,C10,1,,GND
rev2.2,C11,2,,GND
rev2.2,C12,1,,GND
rev2.2,C13,2,,GND
rev2.2,C14,1,,GND
rev2.2,C2,2,,GND
rev2.2,C3,2,,GND
rev2.2,C4,1,,GND
rev2.2,C5,2,,GND
rev2.2,C6,1,,GND
rev2.2,C7,2,,GND
rev2.2,C9,2,,GND
rev2.2,D1,1,K,GND
rev2.2,D2,1,K,GND
rev2.2,D3,1,K,GND
rev2.2,D4,1,K,GND
rev2.2,D6,1,K,GND
rev2.2,D7,1,A1,GND
rev2.2,D8,2,A,GND
rev2.2,J1,8,,GND
rev2.2,J2,2,Pin_2,GND
rev2.2,J3,4,Pin_4,GND
rev2.2,Q1,1,G,GND
rev2.2,R15,1,,GND
rev2.2,R18,2,,GND
rev2.2,R9,1,,GND
rev2.2,SW1,2,2,GND
rev2.2,SW2,1,1,GND
rev2.2,TP7,1,1,GND
rev2.2,U1,1,GND,GND
rev2.2,U2,19,GND,GND
rev2.2,U2,9,GND,GND
rev2.2,U3,2,GND,GND
rev2.2,U4,2,GND,GND
rev2.2,U5,2,GND,GND
rev2.2,U6,2,GND,GND
rev2.2,D4,2,A,Net-(D4-A)
rev2.2,R6,2,,Net-(D4-A)
rev2.2,D5,2,A,Net-(D5-A)
rev2.2,R4,1,,Net-(D5-A)
rev2.2,D6,2,A,Net-(D6-A)
rev2.2,R7,1,,Net-(D6-A)
rev2.2,D9,2,A,Net-(D9-A)
rev2.2,R18,1,,Net-(D9-A)
rev2.2,R22,2,,Net-(D9-A)
rev2.2,R23,1,,Net-(D9-A)
rev2.2,TP4,1,1,Net-(D9-A)
rev2.2,U4,1,,Net-(D9-A)
rev2.2,D9,3,K,Net-(D9-K-Pad3)
rev2.2,R19,1,,Net-(D9-K-Pad3)
rev2.2,R22,1,,Net-(D9-K-Pad3)
rev2.2,U5,6,,Net-(D9-K-Pad3)
rev2.2,JP1,1,A,Net-(JP1-A)
rev2.2,U2,4,IO5,Net-(JP1-A)
rev2.2,F2,2,,Net-(JP2-A)
rev2.2,JP2,1,A,Net-(JP2-A)
rev2.2,F1,2,,Net-(JP2-B)
rev2.2,JP2,3,B,Net-(JP2-B)
rev2.2,C8,2,,Net-(Q2-G)
rev2.2,Q2,1,G,Net-(Q2-G)
rev2.2,R8,1,,Net-(Q2-G)
rev2.2,R9,2,,Net-(Q2-G)
rev2.2,R10,2,,Net-(R10-Pad2)
rev2.2,R14,1,,Net-(R10-Pad2)
rev2.2,U4,6,,Net-(R10-Pad2)
rev2.2,R11,2,,Net-(R11-Pad2)
rev2.2,R15,2,,Net-(R11-Pad2)
rev2.2,U5,1,,Net-(R11-Pad2)
rev2.2,R12,2,,Net-(R12-Pad2)
rev2.2,R16,1,,Net-(R12-Pad2)
rev2.2,U5,3,,Net-(R12-Pad2)
rev2.2,R13,2,,Net-(R13-Pad2)
rev2.2,R17,1,,Net-(R13-Pad2)
rev2.2,U4,4,,Net-(R13-Pad2)
rev2.2,R20,1,,Net-(R20-Pad1)
rev2.2,R24,1,,Net-(R20-Pad1)
rev2.2,TP5,1,1,Net-(R20-Pad1)
rev2.2,U5,4,,Net-(R20-Pad1)
rev2.2,R21,1,,Net-(R21-Pad1)
rev2.2,R25,1,,Net-(R21-Pad1)
rev2.2,TP6,1,1,Net-(R21-Pad1)
rev2.2,U4,3,,Net-(R21-Pad1)
rev2.2,F2,1,,VDC
rev2.2,J1,1,,VDC
rev2.2,D9,1,K,unconnected-(D9-K-Pad1)
rev2.2,J1,2,,unconnected-(J1-Pad2)
rev2.2,J1,6,,unconnected-(J1-Pad6)
rev2.2,U2,18,IO0,unconnected-(U2-IO0-Pad18)
rev2.2,U2,17,IO1,unconnected-(U2-IO1-Pad17)
rev2.2,U2,5,IO6,unconnected-(U2-IO6-Pad5)
rev2.2,U2,6,IO7,unconnected-(U2-IO7-Pad6)
rev2.2,U2,13,IO18,unconnected-(U2-IO18-Pad13)
rev2.2,U2,14,IO19,unconnected-(U2-IO19-Pad14)
