revision,reference,pad,board_net,netlist_net,equal
rev1.0,R6,1,Net-(R11-Pad2),Net-(R11-Pad2),True
rev1.0,R6,2,+3V3,+3V3,True
rev1.0,R13,1,Net-(R13-Pad1),Net-(R13-Pad1),True
rev1.0,R13,2,+5V,+5V,True
rev1.0,R14,1,Net-(U3-GPIO17),Net-(U3-GPIO17),True
rev1.0,R14,2,Net-(R14-Pad2),Net-(R14-Pad2),True
rev1.0,C4,1,/p2,/p2,True
rev1.0,C4,2,Net-(Q2-G),Net-(Q2-G),True
rev1.0,C6,1,+5V,+5V,True
rev1.0,C6,2,GND,GND,True
rev1.0,C9,1,GND,GND,True
rev1.0,C9,2,+5V,+5V,True
rev1.0,D7,1,GND,GND,True
rev1.0,D7,2,/p1,/p1,True
rev1.0,R19,1,Net-(D6-A),Net-(D6-A),True
rev1.0,R19,2,Net-(U3-GPIO13),Net-(U3-GPIO13),True
rev1.0,R77,1,Net-(R17-Pad1),Net-(R17-Pad1),True
rev1.0,R77,2,GND,GND,True
rev1.0,R3,1,Net-(D4-A),Net-(D4-A),True
rev1.0,R3,2,GND,GND,True
rev1.0,R18,1,Net-(R17-Pad1),Net-(R17-Pad1),True
rev1.0,R18,2,GEA_FullTx,GEA_FullTx,True
rev1.0,R99,1,GND,GND,True
rev1.0,R99,2,Net-(R16-Pad2),Net-(R16-Pad2),True
rev1.0,C8,1,+5V,+5V,True
rev1.0,C8,2,GND,GND,True
rev1.0,R16,1,Net-(U3-GPIO16),Net-(U3-GPIO16),True
rev1.0,R16,2,Net-(R16-Pad2),Net-(R16-Pad2),True
rev1.0,C7,1,+5V,+5V,True
rev1.0,C7,2,GND,GND,True
rev1.0,J2,1,VDC,VDC,True
rev1.0,J2,2,unconnected-(J2-Pad2),unconnected-(J2-Pad2),True
rev1.0,J2,3,unconnected-(J2-Pad3),unconnected-(J2-Pad3),True
rev1.0,J2,4,GEA_FullTx,GEA_FullTx,True
rev1.0,J2,5,GEA_FullRx,GEA_FullRx,True
rev1.0,J2,6,unconnected-(J2-Pad6),unconnected-(J2-Pad6),True
rev1.0,J2,7,GEA_HalfDplx,GEA_HalfDplx,True
rev1.0,J2,8,GND,GND,True
rev1.0,D5,1,+5V,+5V,True
rev1.0,D5,2,GND,GND,True
rev1.0,D6,1,GND,GND,True
rev1.0,D6,2,Net-(D6-A),Net-(D6-A),True
rev1.0,R10,1,Net-(D4-K-Pad3),Net-(D4-K-Pad3),True
rev1.0,R10,2,+5V,+5V,True
rev1.0,R88,1,GND,GND,True
rev1.0,R88,2,Net-(R14-Pad2),Net-(R14-Pad2),True
rev1.0,Q1,1,GND,GND,True
rev1.0,Q1,2,/p2,/p2,True
rev1.0,Q1,3,/p1,/p1,True
rev1.0,U2,1,Net-(R12-Pad2),Net-(R12-Pad2),True
rev1.0,U2,2,GND,GND,True
rev1.0,U2,3,Net-(R14-Pad2),Net-(R14-Pad2),True
rev1.0,U2,4,Net-(R13-Pad1),Net-(R13-Pad1),True
rev1.0,U2,5,+3V3,+3V3,True
rev1.0,U2,6,Net-(D4-K-Pad3),Net-(D4-K-Pad3),True
rev1.0,R7,1,GND,GND,True
rev1.0,R7,2,Net-(R12-Pad2),Net-(R12-Pad2),True
rev1.0,R1,1,Net-(Q2-G),Net-(Q2-G),True
rev1.0,R1,2,/p2,/p2,True
rev1.0,F1,1,/p1,/p1,True
rev1.0,F1,2,VDC,VDC,True
rev1.0,D3,1,GND,GND,True
rev1.0,D3,2,+5V,+5V,True
rev1.0,D3,3,GEA_FullTx,GEA_FullTx,True
rev1.0,R8,1,Net-(R14-Pad2),Net-(R14-Pad2),True
rev1.0,R8,2,+3V3,+3V3,True
rev1.0,R4,1,Net-(D4-A),Net-(D4-A),True
rev1.0,R4,2,GEA_HalfDplx,GEA_HalfDplx,True
rev1.0,R17,1,Net-(R17-Pad1),Net-(R17-Pad1),True
rev1.0,R17,2,+5V,+5V,True
rev1.0,R11,1,Net-(U3-GPIO19),Net-(U3-GPIO19),True
rev1.0,R11,2,Net-(R11-Pad2),Net-(R11-Pad2),True
rev1.0,D4,1,unconnected-(D4-K-Pad1),unconnected-(D4-K-Pad1),True
rev1.0,D4,2,Net-(D4-A),Net-(D4-A),True
rev1.0,D4,3,Net-(D4-K-Pad3),Net-(D4-K-Pad3),True
rev1.0,U4,1,GND,GND,True
rev1.0,U4,2,Net-(U3-EN),Net-(U3-EN),True
rev1.0,U4,3,+5V,+5V,True
rev1.0,C3,1,+5V,+5V,True
rev1.0,C3,2,GND,GND,True
rev1.0,U1,1,Net-(D4-A),Net-(D4-A),True
rev1.0,U1,2,GND,GND,True
rev1.0,U1,3,Net-(R17-Pad1),Net-(R17-Pad1),True
rev1.0,U1,4,Net-(R16-Pad2),Net-(R16-Pad2),True
rev1.0,U1,5,+5V,+5V,True
rev1.0,U1,6,Net-(R11-Pad2),Net-(R11-Pad2),True
rev1.0,R12,1,Net-(U3-GPIO18),Net-(U3-GPIO18),True
rev1.0,R12,2,Net-(R12-Pad2),Net-(R12-Pad2),True
rev1.0,C1,1,+5V,+5V,True
rev1.0,C1,2,GND,GND,True
rev1.0,R9,1,Net-(R16-Pad2),Net-(R16-Pad2),True
rev1.0,R9,2,+3V3,+3V3,True
rev1.0,C2,1,+5V,+5V,True
rev1.0,C2,2,GND,GND,True
rev1.0,J1,1,+5V,+5V,True
rev1.0,J1,2,GND,GND,True
rev1.0,J1,3,/p3,/p3,True
rev1.0,J1,4,unconnected-(J1-Pin_4-Pad4),unconnected-(J1-Pin_4-Pad4),True
rev1.0,U3,1,+3V3,+3V3,True
rev1.0,U3,2,Net-(U3-EN),Net-(U3-EN),True
rev1.0,U3,3,unconnected-(U3-GPIO36-Pad3),unconnected-(U3-GPIO36-Pad3),True
rev1.0,U3,4,unconnected-(U3-GPIO39-Pad4),unconnected-(U3-GPIO39-Pad4),True
rev1.0,U3,5,unconnected-(U3-GPIO34-Pad5),unconnected-(U3-GPIO34-Pad5),True
rev1.0,U3,6,unconnected-(U3-GPIO35-Pad6),unconnected-(U3-GPIO35-Pad6),True
rev1.0,U3,7,unconnected-(U3-GPIO32-Pad7),unconnected-(U3-GPIO32-Pad7),True
rev1.0,U3,8,unconnected-(U3-GPIO33-Pad8),unconnected-(U3-GPIO33-Pad8),True
rev1.0,U3,9,unconnected-(U3-GPIO25-Pad9),unconnected-(U3-GPIO25-Pad9),True
rev1.0,U3,10,unconnected-(U3-GPIO26-Pad10),unconnected-(U3-GPIO26-Pad10),True
rev1.0,U3,11,unconnected-(U3-GPIO27-Pad11),unconnected-(U3-GPIO27-Pad11),True
rev1.0,U3,12,Net-(U3-GPIO14),Net-(U3-GPIO14),True
rev1.0,U3,13,unconnected-(U3-NC-Pad13),unconnected-(U3-NC-Pad13),True
rev1.0,U3,14,GND,GND,True
rev1.0,U3,15,Net-(U3-GPIO13),Net-(U3-GPIO13),True
rev1.0,U3,16,unconnected-(U3-NC-Pad16),unconnected-(U3-NC-Pad16),True
rev1.0,U3,17,unconnected-(U3-NC-Pad17),unconnected-(U3-NC-Pad17),True
rev1.0,U3,18,unconnected-(U3-NC-Pad18),unconnected-(U3-NC-Pad18),True
rev1.0,U3,19,+5V,+5V,True
rev1.0,U3,20,unconnected-(U3-NC-Pad20),unconnected-(U3-NC-Pad20),True
rev1.0,U3,21,unconnected-(U3-NC-Pad21),unconnected-(U3-NC-Pad21),True
rev1.0,U3,22,unconnected-(U3-NC-Pad22),unconnected-(U3-NC-Pad22),True
rev1.0,U3,23,unconnected-(U3-GPIO15-Pad23),unconnected-(U3-GPIO15-Pad23),True
rev1.0,U3,24,unconnected-(U3-OB_LED-Pad24),unconnected-(U3-OB_LED-Pad24),True
rev1.0,U3,25,unconnected-(U3-OB_BUT-Pad25),unconnected-(U3-OB_BUT-Pad25),True
rev1.0,U3,26,unconnected-(U3-GPIO4-Pad26),unconnected-(U3-GPIO4-Pad26),True
rev1.0,U3,27,Net-(U3-GPIO16),Net-(U3-GPIO16),True
rev1.0,U3,28,Net-(U3-GPIO17),Net-(U3-GPIO17),True
rev1.0,U3,29,unconnected-(U3-GPIO5-Pad29),unconnected-(U3-GPIO5-Pad29),True
rev1.0,U3,30,Net-(U3-GPIO18),Net-(U3-GPIO18),True
rev1.0,U3,31,Net-(U3-GPIO19),Net-(U3-GPIO19),True
rev1.0,U3,32,GND,GND,True
rev1.0,U3,33,unconnected-(U3-GPIO21-Pad33),unconnected-(U3-GPIO21-Pad33),True
rev1.0,U3,34,unconnected-(U3-NC-Pad34),unconnected-(U3-NC-Pad34),True
rev1.0,U3,35,unconnected-(U3-NC-Pad35),unconnected-(U3-NC-Pad35),True
rev1.0,U3,36,unconnected-(U3-GPIO22-Pad36),unconnected-(U3-GPIO22-Pad36),True
rev1.0,U3,37,unconnected-(U3-GPIO23-Pad37),unconnected-(U3-GPIO23-Pad37),True
rev1.0,U3,38,GND,GND,True
rev1.0,C10,1,+3V3,+3V3,True
rev1.0,C10,2,GND,GND,True
rev1.0,Q2,1,Net-(Q2-G),Net-(Q2-G),True
rev1.0,Q2,2,/p2,/p2,True
rev1.0,Q2,3,/p3,/p3,True
rev1.0,R15,1,Net-(R13-Pad1),Net-(R13-Pad1),True
rev1.0,R15,2,GEA_FullRx,GEA_FullRx,True
rev1.0,D1,1,GND,GND,True
rev1.0,D1,2,+5V,+5V,True
rev1.0,D1,3,GEA_HalfDplx,GEA_HalfDplx,True
rev1.0,R2,1,GND,GND,True
rev1.0,R2,2,Net-(Q2-G),Net-(Q2-G),True
rev1.0,D2,1,GND,GND,True
rev1.0,D2,2,+5V,+5V,True
rev1.0,D2,3,GEA_FullRx,GEA_FullRx,True
rev1.0,R5,1,Net-(D4-K-Pad3),Net-(D4-K-Pad3),True
rev1.0,R5,2,Net-(D4-A),Net-(D4-A),True
rev1.0,C11,1,GND,GND,True
rev1.0,C11,2,+3V3,+3V3,True
rev1.0,C5,1,/p3,/p3,True
rev1.0,C5,2,GND,GND,True
rev2.0,C14,1,GND,GND,True
rev2.0,C14,2,+3V3,+3V3,True
rev2.0,R25,1,Net-(R21-Pad1),Net-(R21-Pad1),True
rev2.0,R25,2,GEA_FullTx,GEA_FullTx,True
rev2.0,R17,1,Net-(R13-Pad2),Net-(R13-Pad2),True
rev2.0,R17,2,+3V3,+3V3,True
rev2.0,D9,1,unconnected-(D9-K-Pad1),unconnected-(D9-K-Pad1),True
rev2.0,D9,2,Net-(D9-A),Net-(D9-A),True
rev2.0,D9,3,Net-(D9-K-Pad3),Net-(D9-K-Pad3),True
rev2.0,F2,1,VDC,VDC,True
rev2.0,F2,2,Net-(JP2-A),Net-(JP2-A),True
rev2.0,D6,1,GND,GND,True
rev2.0,D6,2,Net-(D6-A),Net-(D6-A),True
rev2.0,Q2,1,Net-(Q2-G),Net-(Q2-G),True
rev2.0,Q2,2,/p2,/p2,True
rev2.0,Q2,3,/p3,/p3,True
rev2.0,R2,1,+3V3,+3V3,True
rev2.0,R2,2,/BOOT,/BOOT,True
rev2.0,R7,1,Net-(D6-A),Net-(D6-A),True
rev2.0,R7,2,/LED1,/LED1,True
rev2.0,R10,1,GEA2_RX,GEA2_RX,True
rev2.0,R10,2,Net-(R10-Pad2),Net-(R10-Pad2),True
rev2.0,C6,1,GND,GND,True
rev2.0,C6,2,+3V3,+3V3,True
rev2.0,D1,1,GND,GND,True
rev2.0,D1,2,+5V,+5V,True
rev2.0,D1,3,GEA_HalfDplx,GEA_HalfDplx,True
rev2.0,U5,1,Net-(R11-Pad2),Net-(R11-Pad2),True
rev2.0,U5,2,GND,GND,True
rev2.0,U5,3,Net-(R12-Pad2),Net-(R12-Pad2),True
rev2.0,U5,4,Net-(R20-Pad1),Net-(R20-Pad1),True
rev2.0,U5,5,+3V3,+3V3,True
rev2.0,U5,6,Net-(D9-K-Pad3),Net-(D9-K-Pad3),True
rev2.0,C3,1,+5V,+5V,True
rev2.0,C3,2,GND,GND,True
rev2.0,R11,1,GEA2_TX,GEA2_TX,True
rev2.0,R11,2,Net-(R11-Pad2),Net-(R11-Pad2),True
rev2.0,C4,1,GND,GND,True
rev2.0,C4,2,+3V3,+3V3,True
rev2.0,U2,1,+3V3,+3V3,True
rev2.0,U2,2,/EN,/EN,True
rev2.0,U2,3,/LED1,/LED1,True
rev2.0,U2,4,Net-(JP1-A),Net-(JP1-A),True
rev2.0,U2,5,unconnected-(U2-IO6-Pad5),unconnected-(U2-IO6-Pad5),True
rev2.0,U2,6,unconnected-(U2-IO7-Pad6),unconnected-(U2-IO7-Pad6),True
rev2.0,U2,7,/BOOT_SEL,/BOOT_SEL,True
rev2.0,U2,8,/BOOT,/BOOT,True
rev2.0,U2,9,GND,GND,True
rev2.0,U2,10,GEA2_RX,GEA2_RX,True
rev2.0,U2,11,GEA3_TX,GEA3_TX,True
rev2.0,U2,12,GEA3_RX,GEA3_RX,True
rev2.0,U2,13,unconnected-(U2-IO18-Pad13),unconnected-(U2-IO18-Pad13),True
rev2.0,U2,14,unconnected-(U2-IO19-Pad14),unconnected-(U2-IO19-Pad14),True
rev2.0,U2,15,/LED2,/LED2,True
rev2.0,U2,16,/DBG_LED,/DBG_LED,True
rev2.0,U2,17,unconnected-(U2-IO1-Pad17),unconnected-(U2-IO1-Pad17),True
rev2.0,U2,18,unconnected-(U2-IO0-Pad18),unconnected-(U2-IO0-Pad18),True
rev2.0,U2,19,GND,GND,True
rev2.0,U2,19,GND,GND,True
rev2.0,U2,19,GND,GND,True
rev2.0,U2,19,GND,GND,True
rev2.0,U2,19,GND,GND,True
rev2.0,U2,19,GND,GND,True
rev2.0,U2,19,GND,GND,True
rev2.0,U2,19,GND,GND,True
rev2.0,U2,19,GND,GND,True
rev2.0,U2,19,GND,GND,True
rev2.0,U2,19,GND,GND,True
rev2.0,U2,19,GND,GND,True
rev2.0,U2,19,GND,GND,True
rev2.0,R16,1,Net-(R12-Pad2),Net-(R12-Pad2),True
rev2.0,R16,2,+3V3,+3V3,True
rev2.0,R13,1,GEA3_TX,GEA3_TX,True
rev2.0,R13,2,Net-(R13-Pad2),Net-(R13-Pad2),True
rev2.0,C2,1,+3V3,+3V3,True
rev2.0,C2,2,GND,GND,True
rev2.0,C12,1,GND,GND,True
rev2.0,C12,2,+5V,+5V,True
rev2.0,Q1,1,GND,GND,True
rev2.0,Q1,2,/p2,/p2,True
rev2.0,Q1,3,/p1,/p1,True
rev2.0,U3,1,/p3,/p3,True
rev2.0,U3,2,GND,GND,True
rev2.0,U3,2,GND,GND,True
rev2.0,U3,2,GND,GND,True
rev2.0,U3,2,GND,GND,True
rev2.0,U3,2,GND,GND,True
rev2.0,U3,3,+5V,+5V,True
rev2.0,C1,1,+5V,+5V,True
rev2.0,C1,2,GND,GND,True
rev2.0,C9,1,/p3,/p3,True
rev2.0,C9,2,GND,GND,True
rev2.0,U1,1,GND,GND,True
rev2.0,U1,2,/EN,/EN,True
rev2.0,U1,3,+3V3,+3V3,True
rev2.0,R21,1,Net-(R21-Pad1),Net-(R21-Pad1),True
rev2.0,R21,2,+5V,+5V,True
rev2.0,R19,1,Net-(D9-K-Pad3),Net-(D9-K-Pad3),True
rev2.0,R19,2,+5V,+5V,True
rev2.0,R6,1,/LED2,/LED2,True
rev2.0,R6,2,Net-(D4-A),Net-(D4-A),True
rev2.0,R20,1,Net-(R20-Pad1),Net-(R20-Pad1),True
rev2.0,R20,2,+5V,+5V,True
rev2.0,R1,1,/BOOT_SEL,/BOOT_SEL,True
rev2.0,R1,2,+3V3,+3V3,True
rev2.0,C11,1,+5V,+5V,True
rev2.0,C11,2,GND,GND,True
rev2.0,D8,1,+5V,+5V,True
rev2.0,D8,2,GND,GND,True
rev2.0,C8,1,/p2,/p2,True
rev2.0,C8,2,Net-(Q2-G),Net-(Q2-G),True
rev2.0,C10,1,GND,GND,True
rev2.0,C10,2,/p3,/p3,True
rev2.0,F1,1,/ALT_PWR,/ALT_PWR,True
rev2.0,F1,2,Net-(JP2-B),Net-(JP2-B),True
rev2.0,R15,1,GND,GND,True
rev2.0,R15,2,Net-(R11-Pad2),Net-(R11-Pad2),True
rev2.0,R4,1,Net-(D5-A),Net-(D5-A),True
rev2.0,R4,2,+3V3,+3V3,True
rev2.0,R24,1,Net-(R20-Pad1),Net-(R20-Pad1),True
rev2.0,R24,2,GEA_FullRx,GEA_FullRx,True
rev2.0,J1,1,VDC,VDC,True
rev2.0,J1,2,unconnected-(J1-Pad2),unconnected-(J1-Pad2),True
rev2.0,J1,3,/ALT_PWR,/ALT_PWR,True
rev2.0,J1,4,GEA_FullTx,GEA_FullTx,True
rev2.0,J1,5,GEA_FullRx,GEA_FullRx,True
rev2.0,J1,6,unconnected-(J1-Pad6),unconnected-(J1-Pad6),True
rev2.0,J1,7,GEA_HalfDplx,GEA_HalfDplx,True
rev2.0,J1,8,GND,GND,True
rev2.0,D3,1,GND,GND,True
rev2.0,D3,2,+5V,+5V,True
rev2.0,D3,3,GEA_FullTx,GEA_FullTx,True
rev2.0,C5,1,+5V,+5V,True
rev2.0,C5,2,GND,GND,True
rev2.0,C13,1,+3V3,+3V3,True
rev2.0,C13,2,GND,GND,True
rev2.0,R12,1,GEA3_RX,GEA3_RX,True
rev2.0,R12,2,Net-(R12-Pad2),Net-(R12-Pad2),True
rev2.0,R9,1,GND,GND,True
rev2.0,R9,2,Net-(Q2-G),Net-(Q2-G),True
rev2.0,U4,1,Net-(D9-A),Net-(D9-A),True
rev2.0,U4,2,GND,GND,True
rev2.0,U4,3,Net-(R21-Pad1),Net-(R21-Pad1),True
rev2.0,U4,4,Net-(R13-Pad2),Net-(R13-Pad2),True
rev2.0,U4,5,+5V,+5V,True
rev2.0,U4,6,Net-(R10-Pad2),Net-(R10-Pad2),True
rev2.0,R14,1,Net-(R10-Pad2),Net-(R10-Pad2),True
rev2.0,R14,2,+3V3,+3V3,True
rev2.0,R23,1,Net-(D9-A),Net-(D9-A),True
rev2.0,R23,2,GEA_HalfDplx,GEA_HalfDplx,True
rev2.0,U6,1,+5V,+5V,True
rev2.0,U6,2,GND,GND,True
rev2.0,U6,3,+3V3,+3V3,True
rev2.0,R18,1,Net-(D9-A),Net-(D9-A),True
rev2.0,R18,2,GND,GND,True
rev2.0,R3,1,/EN,/EN,True
rev2.0,R3,2,+3V3,+3V3,True
rev2.0,R22,1,Net-(D9-K-Pad3),Net-(D9-K-Pad3),True
rev2.0,R22,2,Net-(D9-A),Net-(D9-A),True
rev2.0,R5,1,/DBG_LED,/DBG_LED,True
rev2.0,R5,2,+3V3,+3V3,True
rev2.0,C7,1,+5V,+5V,True
rev2.0,C7,2,GND,GND,True
rev2.0,D5,1,/DBG_LED,/DBG_LED,True
rev2.0,D5,2,Net-(D5-A),Net-(D5-A),True
rev2.0,D7,1,GND,GND,True
rev2.0,D7,2,/p1,/p1,True
rev2.0,D4,1,GND,GND,True
rev2.0,D4,2,Net-(D4-A),Net-(D4-A),True
rev2.0,D2,1,GND,GND,True
rev2.0,D2,2,+5V,+5V,True
rev2.0,D2,3,GEA_FullRx,GEA_FullRx,True
rev2.0,R8,1,Net-(Q2-G),Net-(Q2-G),True
rev2.0,R8,2,/p2,/p2,True
rev2.0,J3,1,/EN,/EN,True
rev2.0,J3,2,+3V3,+3V3,True
rev2.0,J3,3,GEA3_RX,GEA3_RX,True
rev2.0,J3,4,GND,GND,True
rev2.0,J3,5,GEA3_TX,GEA3_TX,True
rev2.0,J3,6,/BOOT,/BOOT,True
rev2.0,JP2,1,Net-(JP2-A),Net-(JP2-A),True
rev2.0,JP2,2,/p1,/p1,True
rev2.0,JP2,3,Net-(JP2-B),Net-(JP2-B),True
rev2.0,JP1,1,Net-(JP1-A),Net-(JP1-A),True
rev2.0,JP1,2,GEA2_TX,GEA2_TX,True
rev2.0,JP1,3,/BOOT,/BOOT,True
rev2.0,J2,1,+3V3,+3V3,True
rev2.0,J2,2,GND,GND,True
rev2.0,J2,3,/BOOT,/BOOT,True
rev2.0,J2,4,GEA3_TX,GEA3_TX,True
rev2.0,J2,5,GEA3_RX,GEA3_RX,True
rev2.0,J2,6,/EN,/EN,True
rev2.1,C14,1,GND,GND,True
rev2.1,C14,2,+3V3,+3V3,True
rev2.1,R25,1,Net-(R21-Pad1),Net-(R21-Pad1),True
rev2.1,R25,2,GEA_FullTx,GEA_FullTx,True
rev2.1,R17,1,Net-(R13-Pad2),Net-(R13-Pad2),True
rev2.1,R17,2,+3V3,+3V3,True
rev2.1,D9,1,unconnected-(D9-K-Pad1),unconnected-(D9-K-Pad1),True
rev2.1,D9,2,Net-(D9-A),Net-(D9-A),True
rev2.1,D9,3,Net-(D9-K-Pad3),Net-(D9-K-Pad3),True
rev2.1,F2,1,VDC,VDC,True
rev2.1,F2,2,Net-(JP2-A),Net-(JP2-A),True
rev2.1,D6,1,GND,GND,True
rev2.1,D6,2,Net-(D6-A),Net-(D6-A),True
rev2.1,Q2,1,Net-(Q2-G),Net-(Q2-G),True
rev2.1,Q2,2,/p2,/p2,True
rev2.1,Q2,3,/p3,/p3,True
rev2.1,R2,1,+3V3,+3V3,True
rev2.1,R2,2,/BOOT,/BOOT,True
rev2.1,R7,1,Net-(D6-A),Net-(D6-A),True
rev2.1,R7,2,/LED1,/LED1,True
rev2.1,R10,1,GEA2_RX,GEA2_RX,True
rev2.1,R10,2,Net-(R10-Pad2),Net-(R10-Pad2),True
rev2.1,C6,1,GND,GND,True
rev2.1,C6,2,+3V3,+3V3,True
rev2.1,D1,1,GND,GND,True
rev2.1,D1,2,+5V,+5V,True
rev2.1,D1,3,GEA_HalfDplx,GEA_HalfDplx,True
rev2.1,U5,1,Net-(R11-Pad2),Net-(R11-Pad2),True
rev2.1,U5,2,GND,GND,True
rev2.1,U5,3,Net-(R12-Pad2),Net-(R12-Pad2),True
rev2.1,U5,4,Net-(R20-Pad1),Net-(R20-Pad1),True
rev2.1,U5,5,+3V3,+3V3,True
rev2.1,U5,6,Net-(D9-K-Pad3),Net-(D9-K-Pad3),True
rev2.1,C3,1,+5V,+5V,True
rev2.1,C3,2,GND,GND,True
rev2.1,R11,1,GEA2_TX,GEA2_TX,True
rev2.1,R11,2,Net-(R11-Pad2),Net-(R11-Pad2),True
rev2.1,C4,1,GND,GND,True
rev2.1,C4,2,+3V3,+3V3,True
rev2.1,U2,1,+3V3,+3V3,True
rev2.1,U2,2,/EN,/EN,True
rev2.1,U2,3,/LED1,/LED1,True
rev2.1,U2,4,Net-(JP1-A),Net-(JP1-A),True
rev2.1,U2,5,unconnected-(U2-IO6-Pad5),unconnected-(U2-IO6-Pad5),True
rev2.1,U2,6,unconnected-(U2-IO7-Pad6),unconnected-(U2-IO7-Pad6),True
rev2.1,U2,7,/BOOT_SEL,/BOOT_SEL,True
rev2.1,U2,8,/BOOT,/BOOT,True
rev2.1,U2,9,GND,GND,True
rev2.1,U2,10,GEA2_RX,GEA2_RX,True
rev2.1,U2,11,GEA3_TX,GEA3_TX,True
rev2.1,U2,12,GEA3_RX,GEA3_RX,True
rev2.1,U2,13,unconnected-(U2-IO18-Pad13),unconnected-(U2-IO18-Pad13),True
rev2.1,U2,14,unconnected-(U2-IO19-Pad14),unconnected-(U2-IO19-Pad14),True
rev2.1,U2,15,/LED2,/LED2,True
rev2.1,U2,16,/DBG_LED,/DBG_LED,True
rev2.1,U2,17,unconnected-(U2-IO1-Pad17),unconnected-(U2-IO1-Pad17),True
rev2.1,U2,18,unconnected-(U2-IO0-Pad18),unconnected-(U2-IO0-Pad18),True
rev2.1,U2,19,GND,GND,True
rev2.1,U2,19,GND,GND,True
rev2.1,U2,19,GND,GND,True
rev2.1,U2,19,GND,GND,True
rev2.1,U2,19,GND,GND,True
rev2.1,U2,19,GND,GND,True
rev2.1,U2,19,GND,GND,True
rev2.1,U2,19,GND,GND,True
rev2.1,U2,19,GND,GND,True
rev2.1,U2,19,GND,GND,True
rev2.1,U2,19,GND,GND,True
rev2.1,U2,19,GND,GND,True
rev2.1,U2,19,GND,GND,True
rev2.1,R16,1,Net-(R12-Pad2),Net-(R12-Pad2),True
rev2.1,R16,2,+3V3,+3V3,True
rev2.1,R13,1,GEA3_TX,GEA3_TX,True
rev2.1,R13,2,Net-(R13-Pad2),Net-(R13-Pad2),True
rev2.1,C2,1,+3V3,+3V3,True
rev2.1,C2,2,GND,GND,True
rev2.1,C12,1,GND,GND,True
rev2.1,C12,2,+5V,+5V,True
rev2.1,Q1,1,GND,GND,True
rev2.1,Q1,2,/p2,/p2,True
rev2.1,Q1,3,/p1,/p1,True
rev2.1,U3,1,/p3,/p3,True
rev2.1,U3,2,GND,GND,True
rev2.1,U3,2,GND,GND,True
rev2.1,U3,2,GND,GND,True
rev2.1,U3,2,GND,GND,True
rev2.1,U3,2,GND,GND,True
rev2.1,U3,3,+5V,+5V,True
rev2.1,C1,1,+5V,+5V,True
rev2.1,C1,2,GND,GND,True
rev2.1,C9,1,/p3,/p3,True
rev2.1,C9,2,GND,GND,True
rev2.1,U1,1,GND,GND,True
rev2.1,U1,2,/EN,/EN,True
rev2.1,U1,3,+3V3,+3V3,True
rev2.1,R21,1,Net-(R21-Pad1),Net-(R21-Pad1),True
rev2.1,R21,2,+5V,+5V,True
rev2.1,R19,1,Net-(D9-K-Pad3),Net-(D9-K-Pad3),True
rev2.1,R19,2,+5V,+5V,True
rev2.1,R6,1,/LED2,/LED2,True
rev2.1,R6,2,Net-(D4-A),Net-(D4-A),True
rev2.1,R20,1,Net-(R20-Pad1),Net-(R20-Pad1),True
rev2.1,R20,2,+5V,+5V,True
rev2.1,R1,1,/BOOT_SEL,/BOOT_SEL,True
rev2.1,R1,2,+3V3,+3V3,True
rev2.1,C11,1,+5V,+5V,True
rev2.1,C11,2,GND,GND,True
rev2.1,D8,1,+5V,+5V,True
rev2.1,D8,2,GND,GND,True
rev2.1,C8,1,/p2,/p2,True
rev2.1,C8,2,Net-(Q2-G),Net-(Q2-G),True
rev2.1,C10,1,GND,GND,True
rev2.1,C10,2,/p3,/p3,True
rev2.1,F1,1,/ALT_PWR,/ALT_PWR,True
rev2.1,F1,2,Net-(JP2-B),Net-(JP2-B),True
rev2.1,R15,1,GND,GND,True
rev2.1,R15,2,Net-(R11-Pad2),Net-(R11-Pad2),True
rev2.1,R4,1,Net-(D5-A),Net-(D5-A),True
rev2.1,R4,2,+3V3,+3V3,True
rev2.1,R24,1,Net-(R20-Pad1),Net-(R20-Pad1),True
rev2.1,R24,2,GEA_FullRx,GEA_FullRx,True
rev2.1,J1,1,VDC,VDC,True
rev2.1,J1,2,unconnected-(J1-Pad2),unconnected-(J1-Pad2),True
rev2.1,J1,3,/ALT_PWR,/ALT_PWR,True
rev2.1,J1,4,GEA_FullTx,GEA_FullTx,True
rev2.1,J1,5,GEA_FullRx,GEA_FullRx,True
rev2.1,J1,6,unconnected-(J1-Pad6),unconnected-(J1-Pad6),True
rev2.1,J1,7,GEA_HalfDplx,GEA_HalfDplx,True
rev2.1,J1,8,GND,GND,True
rev2.1,D3,1,GND,GND,True
rev2.1,D3,2,+5V,+5V,True
rev2.1,D3,3,GEA_FullTx,GEA_FullTx,True
rev2.1,C5,1,+5V,+5V,True
rev2.1,C5,2,GND,GND,True
rev2.1,C13,1,+3V3,+3V3,True
rev2.1,C13,2,GND,GND,True
rev2.1,R12,1,GEA3_RX,GEA3_RX,True
rev2.1,R12,2,Net-(R12-Pad2),Net-(R12-Pad2),True
rev2.1,R9,1,GND,GND,True
rev2.1,R9,2,Net-(Q2-G),Net-(Q2-G),True
rev2.1,U4,1,Net-(D9-A),Net-(D9-A),True
rev2.1,U4,2,GND,GND,True
rev2.1,U4,3,Net-(R21-Pad1),Net-(R21-Pad1),True
rev2.1,U4,4,Net-(R13-Pad2),Net-(R13-Pad2),True
rev2.1,U4,5,+5V,+5V,True
rev2.1,U4,6,Net-(R10-Pad2),Net-(R10-Pad2),True
rev2.1,R14,1,Net-(R10-Pad2),Net-(R10-Pad2),True
rev2.1,R14,2,+3V3,+3V3,True
rev2.1,R23,1,Net-(D9-A),Net-(D9-A),True
rev2.1,R23,2,GEA_HalfDplx,GEA_HalfDplx,True
rev2.1,U6,1,+5V,+5V,True
rev2.1,U6,2,GND,GND,True
rev2.1,U6,3,+3V3,+3V3,True
rev2.1,R18,1,Net-(D9-A),Net-(D9-A),True
rev2.1,R18,2,GND,GND,True
rev2.1,R3,1,/EN,/EN,True
rev2.1,R3,2,+3V3,+3V3,True
rev2.1,R22,1,Net-(D9-K-Pad3),Net-(D9-K-Pad3),True
rev2.1,R22,2,Net-(D9-A),Net-(D9-A),True
rev2.1,R5,1,/DBG_LED,/DBG_LED,True
rev2.1,R5,2,+3V3,+3V3,True
rev2.1,C7,1,+5V,+5V,True
rev2.1,C7,2,GND,GND,True
rev2.1,D5,1,/DBG_LED,/DBG_LED,True
rev2.1,D5,2,Net-(D5-A),Net-(D5-A),True
rev2.1,D7,1,GND,GND,True
rev2.1,D7,2,/p1,/p1,True
rev2.1,D4,1,GND,GND,True
rev2.1,D4,2,Net-(D4-A),Net-(D4-A),True
rev2.1,D2,1,GND,GND,True
rev2.1,D2,2,+5V,+5V,True
rev2.1,D2,3,GEA_FullRx,GEA_FullRx,True
rev2.1,R8,1,Net-(Q2-G),Net-(Q2-G),True
rev2.1,R8,2,/p2,/p2,True
rev2.1,J3,1,/EN,/EN,True
rev2.1,J3,2,+3V3,+3V3,True
rev2.1,J3,3,GEA3_RX,GEA3_RX,True
rev2.1,J3,4,GND,GND,True
rev2.1,J3,5,GEA3_TX,GEA3_TX,True
rev2.1,J3,6,/BOOT,/BOOT,True
rev2.1,JP2,1,Net-(JP2-A),Net-(JP2-A),True
rev2.1,JP2,2,/p1,/p1,True
rev2.1,JP2,3,Net-(JP2-B),Net-(JP2-B),True
rev2.1,JP1,1,Net-(JP1-A),Net-(JP1-A),True
rev2.1,JP1,2,GEA2_TX,GEA2_TX,True
rev2.1,JP1,3,/BOOT,/BOOT,True
rev2.1,J2,1,+3V3,+3V3,True
rev2.1,J2,2,GND,GND,True
rev2.1,J2,3,/BOOT,/BOOT,True
rev2.1,J2,4,GEA3_TX,GEA3_TX,True
rev2.1,J2,5,GEA3_RX,GEA3_RX,True
rev2.1,J2,6,/EN,/EN,True
rev2.2,C14,1,GND,GND,True
rev2.2,C14,2,+3V3,+3V3,True
rev2.2,R25,1,Net-(R21-Pad1),Net-(R21-Pad1),True
rev2.2,R25,2,GEA_FullTx,GEA_FullTx,True
rev2.2,R17,1,Net-(R13-Pad2),Net-(R13-Pad2),True
rev2.2,R17,2,+3V3,+3V3,True
rev2.2,D9,1,unconnected-(D9-K-Pad1),unconnected-(D9-K-Pad1),True
rev2.2,D9,2,Net-(D9-A),Net-(D9-A),True
rev2.2,D9,3,Net-(D9-K-Pad3),Net-(D9-K-Pad3),True
rev2.2,F2,1,VDC,VDC,True
rev2.2,F2,2,Net-(JP2-A),Net-(JP2-A),True
rev2.2,D6,1,GND,GND,True
rev2.2,D6,2,Net-(D6-A),Net-(D6-A),True
rev2.2,Q2,1,Net-(Q2-G),Net-(Q2-G),True
rev2.2,Q2,2,/p2,/p2,True
rev2.2,Q2,3,/p3,/p3,True
rev2.2,R2,1,+3V3,+3V3,True
rev2.2,R2,2,/BOOT,/BOOT,True
rev2.2,R7,1,Net-(D6-A),Net-(D6-A),True
rev2.2,R7,2,/LED1,/LED1,True
rev2.2,R10,1,GEA2_RX,GEA2_RX,True
rev2.2,R10,2,Net-(R10-Pad2),Net-(R10-Pad2),True
rev2.2,C6,1,GND,GND,True
rev2.2,C6,2,+3V3,+3V3,True
rev2.2,D1,1,GND,GND,True
rev2.2,D1,2,+5V,+5V,True
rev2.2,D1,3,GEA_HalfDplx,GEA_HalfDplx,True
rev2.2,U5,1,Net-(R11-Pad2),Net-(R11-Pad2),True
rev2.2,U5,2,GND,GND,True
rev2.2,U5,3,Net-(R12-Pad2),Net-(R12-Pad2),True
rev2.2,U5,4,Net-(R20-Pad1),Net-(R20-Pad1),True
rev2.2,U5,5,+3V3,+3V3,True
rev2.2,U5,6,Net-(D9-K-Pad3),Net-(D9-K-Pad3),True
rev2.2,C3,1,+5V,+5V,True
rev2.2,C3,2,GND,GND,True
rev2.2,R11,1,GEA2_TX,GEA2_TX,True
rev2.2,R11,2,Net-(R11-Pad2),Net-(R11-Pad2),True
rev2.2,C4,1,GND,GND,True
rev2.2,C4,2,+3V3,+3V3,True
rev2.2,U2,1,+3V3,+3V3,True
rev2.2,U2,2,/EN,/EN,True
rev2.2,U2,3,/LED1,/LED1,True
rev2.2,U2,4,Net-(JP1-A),Net-(JP1-A),True
rev2.2,U2,5,unconnected-(U2-IO6-Pad5),unconnected-(U2-IO6-Pad5),True
rev2.2,U2,6,unconnected-(U2-IO7-Pad6),unconnected-(U2-IO7-Pad6),True
rev2.2,U2,7,/BOOT_SEL,/BOOT_SEL,True
rev2.2,U2,8,/BOOT,/BOOT,True
rev2.2,U2,9,GND,GND,True
rev2.2,U2,10,GEA2_RX,GEA2_RX,True
rev2.2,U2,11,GEA3_TX,GEA3_TX,True
rev2.2,U2,12,GEA3_RX,GEA3_RX,True
rev2.2,U2,13,unconnected-(U2-IO18-Pad13),unconnected-(U2-IO18-Pad13),True
rev2.2,U2,14,unconnected-(U2-IO19-Pad14),unconnected-(U2-IO19-Pad14),True
rev2.2,U2,15,/LED2,/LED2,True
rev2.2,U2,16,/DBG_LED,/DBG_LED,True
rev2.2,U2,17,unconnected-(U2-IO1-Pad17),unconnected-(U2-IO1-Pad17),True
rev2.2,U2,18,unconnected-(U2-IO0-Pad18),unconnected-(U2-IO0-Pad18),True
rev2.2,U2,19,GND,GND,True
rev2.2,U2,19,GND,GND,True
rev2.2,U2,19,GND,GND,True
rev2.2,U2,19,GND,GND,True
rev2.2,U2,19,GND,GND,True
rev2.2,U2,19,GND,GND,True
rev2.2,U2,19,GND,GND,True
rev2.2,U2,19,GND,GND,True
rev2.2,U2,19,GND,GND,True
rev2.2,U2,19,GND,GND,True
rev2.2,U2,19,GND,GND,True
rev2.2,U2,19,GND,GND,True
rev2.2,U2,19,GND,GND,True
rev2.2,R16,1,Net-(R12-Pad2),Net-(R12-Pad2),True
rev2.2,R16,2,+3V3,+3V3,True
rev2.2,R13,1,GEA3_TX,GEA3_TX,True
rev2.2,R13,2,Net-(R13-Pad2),Net-(R13-Pad2),True
rev2.2,C2,1,+3V3,+3V3,True
rev2.2,C2,2,GND,GND,True
rev2.2,C12,1,GND,GND,True
rev2.2,C12,2,+5V,+5V,True
rev2.2,Q1,1,GND,GND,True
rev2.2,Q1,2,/p2,/p2,True
rev2.2,Q1,3,/p1,/p1,True
rev2.2,U3,1,/p3,/p3,True
rev2.2,U3,2,GND,GND,True
rev2.2,U3,2,GND,GND,True
rev2.2,U3,2,GND,GND,True
rev2.2,U3,2,GND,GND,True
rev2.2,U3,2,GND,GND,True
rev2.2,U3,3,+5V,+5V,True
rev2.2,C1,1,+5V,+5V,True
rev2.2,C1,2,GND,GND,True
rev2.2,C9,1,/p3,/p3,True
rev2.2,C9,2,GND,GND,True
rev2.2,U1,1,GND,GND,True
rev2.2,U1,2,/EN,/EN,True
rev2.2,U1,3,+3V3,+3V3,True
rev2.2,R21,1,Net-(R21-Pad1),Net-(R21-Pad1),True
rev2.2,R21,2,+5V,+5V,True
rev2.2,R19,1,Net-(D9-K-Pad3),Net-(D9-K-Pad3),True
rev2.2,R19,2,+5V,+5V,True
rev2.2,R6,1,/LED2,/LED2,True
rev2.2,R6,2,Net-(D4-A),Net-(D4-A),True
rev2.2,R20,1,Net-(R20-Pad1),Net-(R20-Pad1),True
rev2.2,R20,2,+5V,+5V,True
rev2.2,R1,1,/BOOT_SEL,/BOOT_SEL,True
rev2.2,R1,2,+3V3,+3V3,True
rev2.2,C11,1,+5V,+5V,True
rev2.2,C11,2,GND,GND,True
rev2.2,D8,1,+5V,+5V,True
rev2.2,D8,2,GND,GND,True
rev2.2,C8,1,/p2,/p2,True
rev2.2,C8,2,Net-(Q2-G),Net-(Q2-G),True
rev2.2,C10,1,GND,GND,True
rev2.2,C10,2,/p3,/p3,True
rev2.2,F1,1,/ALT_PWR,/ALT_PWR,True
rev2.2,F1,2,Net-(JP2-B),Net-(JP2-B),True
rev2.2,R15,1,GND,GND,True
rev2.2,R15,2,Net-(R11-Pad2),Net-(R11-Pad2),True
rev2.2,R4,1,Net-(D5-A),Net-(D5-A),True
rev2.2,R4,2,+3V3,+3V3,True
rev2.2,R24,1,Net-(R20-Pad1),Net-(R20-Pad1),True
rev2.2,R24,2,GEA_FullRx,GEA_FullRx,True
rev2.2,J1,1,VDC,VDC,True
rev2.2,J1,2,unconnected-(J1-Pad2),unconnected-(J1-Pad2),True
rev2.2,J1,3,/ALT_PWR,/ALT_PWR,True
rev2.2,J1,4,GEA_FullTx,GEA_FullTx,True
rev2.2,J1,5,GEA_FullRx,GEA_FullRx,True
rev2.2,J1,6,unconnected-(J1-Pad6),unconnected-(J1-Pad6),True
rev2.2,J1,7,GEA_HalfDplx,GEA_HalfDplx,True
rev2.2,J1,8,GND,GND,True
rev2.2,D3,1,GND,GND,True
rev2.2,D3,2,+5V,+5V,True
rev2.2,D3,3,GEA_FullTx,GEA_FullTx,True
rev2.2,C5,1,+5V,+5V,True
rev2.2,C5,2,GND,GND,True
rev2.2,C13,1,+3V3,+3V3,True
rev2.2,C13,2,GND,GND,True
rev2.2,R12,1,GEA3_RX,GEA3_RX,True
rev2.2,R12,2,Net-(R12-Pad2),Net-(R12-Pad2),True
rev2.2,R9,1,GND,GND,True
rev2.2,R9,2,Net-(Q2-G),Net-(Q2-G),True
rev2.2,U4,1,Net-(D9-A),Net-(D9-A),True
rev2.2,U4,2,GND,GND,True
rev2.2,U4,3,Net-(R21-Pad1),Net-(R21-Pad1),True
rev2.2,U4,4,Net-(R13-Pad2),Net-(R13-Pad2),True
rev2.2,U4,5,+5V,+5V,True
rev2.2,U4,6,Net-(R10-Pad2),Net-(R10-Pad2),True
rev2.2,R14,1,Net-(R10-Pad2),Net-(R10-Pad2),True
rev2.2,R14,2,+3V3,+3V3,True
rev2.2,R23,1,Net-(D9-A),Net-(D9-A),True
rev2.2,R23,2,GEA_HalfDplx,GEA_HalfDplx,True
rev2.2,U6,1,+5V,+5V,True
rev2.2,U6,2,GND,GND,True
rev2.2,U6,3,+3V3,+3V3,True
rev2.2,R18,1,Net-(D9-A),Net-(D9-A),True
rev2.2,R18,2,GND,GND,True
rev2.2,R3,1,/EN,/EN,True
rev2.2,R3,2,+3V3,+3V3,True
rev2.2,R22,1,Net-(D9-K-Pad3),Net-(D9-K-Pad3),True
rev2.2,R22,2,Net-(D9-A),Net-(D9-A),True
rev2.2,R5,1,/DBG_LED,/DBG_LED,True
rev2.2,R5,2,+3V3,+3V3,True
rev2.2,C7,1,+5V,+5V,True
rev2.2,C7,2,GND,GND,True
rev2.2,D5,1,/DBG_LED,/DBG_LED,True
rev2.2,D5,2,Net-(D5-A),Net-(D5-A),True
rev2.2,D7,1,GND,GND,True
rev2.2,D7,2,/p1,/p1,True
rev2.2,D4,1,GND,GND,True
rev2.2,D4,2,Net-(D4-A),Net-(D4-A),True
rev2.2,D2,1,GND,GND,True
rev2.2,D2,2,+5V,+5V,True
rev2.2,D2,3,GEA_FullRx,GEA_FullRx,True
rev2.2,R8,1,Net-(Q2-G),Net-(Q2-G),True
rev2.2,R8,2,/p2,/p2,True
rev2.2,J3,1,/EN,/EN,True
rev2.2,J3,2,+3V3,+3V3,True
rev2.2,J3,3,GEA3_RX,GEA3_RX,True
rev2.2,J3,4,GND,GND,True
rev2.2,J3,5,GEA3_TX,GEA3_TX,True
rev2.2,J3,6,/BOOT,/BOOT,True
rev2.2,JP2,1,Net-(JP2-A),Net-(JP2-A),True
rev2.2,JP2,2,/p1,/p1,True
rev2.2,JP2,3,Net-(JP2-B),Net-(JP2-B),True
rev2.2,JP1,1,Net-(JP1-A),Net-(JP1-A),True
rev2.2,JP1,2,GEA2_TX,GEA2_TX,True
rev2.2,JP1,3,/BOOT,/BOOT,True
rev2.2,J2,1,+3V3,+3V3,True
rev2.2,J2,2,GND,GND,True
rev2.2,J2,3,/BOOT,/BOOT,True
rev2.2,J2,4,GEA3_TX,GEA3_TX,True
rev2.2,J2,5,GEA3_RX,GEA3_RX,True
rev2.2,J2,6,/EN,/EN,True
