revision,reference,value,mpn,pin1_net,pin2_net
rev3c,C1,100n,CC0805KKX7R0BB104,+5V,GND
rev3c,C2,1u,CC0805KKX7R9BB105,+3V3,GND
rev3c,C3,100n,CC0805KKX7R0BB104,+5V,GND
rev3c,C4,100n,CC0805KKX7R0BB104,GND,+3V3
rev3c,C5,100n,CC0805KKX7R0BB104,+5V,GND
rev3c,C6,100n,CC0805KKX7R0BB104,GND,+3V3
rev3c,C7,100n,CC0805KKX7R0BB104,+5V,GND
rev3c,C9,10u 50V X7R,1206B106K500NT,/V_INPUT,GND
rev3c,C10,100n 50V X7R,0603B104M500NT,GND,/V_INPUT
rev3c,C11,10u 25V X5R,CL21A106KAYNNNE,+5V,GND
rev3c,C12,100n,CC0805KKX7R0BB104,GND,+5V
rev3c,C13,10u 25V X5R,CL21A106KAYNNNE,+3V3,GND
rev3c,C14,100n,CC0805KKX7R0BB104,GND,+3V3
rev3c,C15,100n 50V X8L,GCM188L81H104KA57D,/BUCK_BST,/BUCK_SW
rev3c,C16,22u 25V X7R,CL32B226KAJNNNE,/BUCK_5V,GND
rev3c,C17,22u 25V X7R,CL32B226KAJNNNE,/BUCK_5V,GND
rev3c,C18,100pF,0402CG101J500NT,/PIN1_PROTECTED,/PIN1_GATE_CLAMP
rev3c,C19,100pF,0402CG101J500NT,/PIN3_PROTECTED,/PIN3_GATE_CLAMP
rev3c,C20,1u 50V X7R,CC0805KKX7R9BB105,/PIN1_PROTECTED,GND
rev3c,C21,1u 50V X7R,CC0805KKX7R9BB105,/PIN3_PROTECTED,GND
rev3c,C24,100nF,CC0805KKX7R0BB104,/PIN1_SW_OUT,GND
rev3c,C25,100nF,CC0805KKX7R0BB104,/PIN3_SW_OUT,GND
rev3b,C1,100n,CC0805KKX7R0BB104,+5V,GND
rev3b,C2,1u,CC0805KKX7R9BB105,+3V3,GND
rev3b,C3,100n,CC0805KKX7R0BB104,+5V,GND
rev3b,C4,100n,CC0805KKX7R0BB104,GND,+3V3
rev3b,C5,100n,CC0805KKX7R0BB104,+5V,GND
rev3b,C6,100n,CC0805KKX7R0BB104,GND,+3V3
rev3b,C7,100n,CC0805KKX7R0BB104,+5V,GND
rev3b,C9,10u 50V X7R,1206B106K500NT,/V_INPUT,GND
rev3b,C10,100n 50V X7R,0603B104M500NT,GND,/V_INPUT
rev3b,C11,10u 25V X5R,CL21A106KAYNNNE,+5V,GND
rev3b,C12,100n,CC0805KKX7R0BB104,GND,+5V
rev3b,C13,10u 25V X5R,CL21A106KAYNNNE,+3V3,GND
rev3b,C14,100n,CC0805KKX7R0BB104,GND,+3V3
rev3b,C15,100n 50V X8L,GCM188L81H104KA57D,/BUCK_BST,/BUCK_SW
rev3b,C16,22u 25V X7R,CL32B226KAJNNNE,/BUCK_5V,GND
rev3b,C17,22u 25V X7R,CL32B226KAJNNNE,/BUCK_5V,GND
rev3b,C18,100pF,0402CG101J500NT,/PIN1_PROTECTED,/PIN1_GATE_CLAMP
rev3b,C19,100pF,0402CG101J500NT,/PIN3_PROTECTED,/PIN3_GATE_CLAMP
rev3b,C20,1u 50V X7R,CC0805KKX7R9BB105,/PIN1_PROTECTED,GND
rev3b,C21,1u 50V X7R,CC0805KKX7R9BB105,/PIN3_PROTECTED,GND
rev3b,C24,100nF,CC0805KKX7R0BB104,/PIN1_SW_OUT,GND
rev3b,C25,100nF,CC0805KKX7R0BB104,/PIN3_SW_OUT,GND
rev3a,C1,100n,CC0805KKX7R0BB104,+5V,GND
rev3a,C2,1u,CC0805KKX7R9BB105,+3V3,GND
rev3a,C3,100n,CC0805KKX7R0BB104,+5V,GND
rev3a,C4,100n,CC0805KKX7R0BB104,GND,+3V3
rev3a,C5,100n,CC0805KKX7R0BB104,+5V,GND
rev3a,C6,100n,CC0805KKX7R0BB104,GND,+3V3
rev3a,C7,100n,CC0805KKX7R0BB104,+5V,GND
rev3a,C9,10u 50V X7R,1206B106K500NT,/V_INPUT,GND
rev3a,C10,100n 50V X7R,0603B104M500NT,GND,/V_INPUT
rev3a,C11,10u 25V X5R,CL21A106KAYNNNE,+5V,GND
rev3a,C12,100n,CC0805KKX7R0BB104,GND,+5V
rev3a,C13,10u 25V X5R,CL21A106KAYNNNE,+3V3,GND
rev3a,C14,100n,CC0805KKX7R0BB104,GND,+3V3
rev3a,C15,100n 50V X8L,GCM188L81H104KA57D,/BUCK_BST,/BUCK_SW
rev3a,C16,22u 25V X7R,CL32B226KAJNNNE,/BUCK_5V,GND
rev3a,C17,22u 25V X7R,CL32B226KAJNNNE,/BUCK_5V,GND
rev3a,C18,100pF,0402CG101J500NT,/PIN1_PROTECTED,/PIN1_GATE_CLAMP
rev3a,C19,100pF,0402CG101J500NT,/PIN3_PROTECTED,/PIN3_GATE_CLAMP
rev3a,C20,1u 50V X7R,CC0805KKX7R9BB105,/PIN1_PROTECTED,GND
rev3a,C21,1u 50V X7R,CC0805KKX7R9BB105,/PIN3_PROTECTED,GND
rev3a,C24,100nF,CC0805KKX7R0BB104,/PIN1_SW_OUT,GND
rev3a,C25,100nF,CC0805KKX7R0BB104,/PIN3_SW_OUT,GND
rev3a,C26,1u 50V X7R,CC0805KKX7R9BB105,/EN,GND
rev2.2,C1,100n,,+5V,GND
rev2.2,C2,1u,,+3V3,GND
rev2.2,C3,100n,,+5V,GND
rev2.2,C4,100n,,GND,+3V3
rev2.2,C5,100n,,+5V,GND
rev2.2,C6,100n,,GND,+3V3
rev2.2,C7,100n,,+5V,GND
rev2.2,C8,1u,,/p2,Net-(Q2-G)
rev2.2,C9,10u,,/p3,GND
rev2.2,C10,100n,,GND,/p3
rev2.2,C11,10u,,+5V,GND
rev2.2,C12,100n,,GND,+5V
rev2.2,C13,10u,,+3V3,GND
rev2.2,C14,100n,,GND,+3V3
rev2.1,C1,100n,,+5V,GND
rev2.1,C2,1u,,+3V3,GND
rev2.1,C3,100n,,+5V,GND
rev2.1,C4,100n,,GND,+3V3
rev2.1,C5,100n,,+5V,GND
rev2.1,C6,100n,,GND,+3V3
rev2.1,C7,100n,,+5V,GND
rev2.1,C8,1u,,/p2,Net-(Q2-G)
rev2.1,C9,10u,,/p3,GND
rev2.1,C10,100n,,GND,/p3
rev2.1,C11,10u,,+5V,GND
rev2.1,C12,100n,,GND,+5V
rev2.1,C13,10u,,+3V3,GND
rev2.1,C14,100n,,GND,+3V3
rev2.0,C1,100n,,+5V,GND
rev2.0,C2,1u,,+3V3,GND
rev2.0,C3,100n,,+5V,GND
rev2.0,C4,100n,,GND,+3V3
rev2.0,C5,100n,,+5V,GND
rev2.0,C6,100n,,GND,+3V3
rev2.0,C7,100n,,+5V,GND
rev2.0,C8,1u,,/p2,Net-(Q2-G)
rev2.0,C9,10u,,/p3,GND
rev2.0,C10,100n,,GND,/p3
rev2.0,C11,10u,,+5V,GND
rev2.0,C12,100n,,GND,+5V
rev2.0,C13,10u,,+3V3,GND
rev2.0,C14,100n,,GND,+3V3
rev1.0,C1,100n,,+5V,GND
rev1.0,C2,100n,,+5V,GND
rev1.0,C3,100n,,+5V,GND
rev1.0,C4,1u,,/p2,Net-(Q2-G)
rev1.0,C5,10u,,/p3,GND
rev1.0,C6,10u,,+5V,GND
rev1.0,C7,1u,,+5V,GND
rev1.0,C8,100n,,+5V,GND
rev1.0,C9,100n,,GND,+5V
rev1.0,C10,10u,,+3V3,GND
rev1.0,C11,100n,,GND,+3V3
