ambient_C,protected_source_V,1812L075_33_reference_hold_A,0805_resistor_derated_W,R31_or_R32_W_nominal12V_zener,R35_W_base_0p7V,R36_W_inhibited_Q5_VCE_0p1V,gate_zener_steady_max_W_any_Vz,MCC_zener_derated_W
-40,5,1.1,0.125,0.0,0.0018676767676767676,0.0024252525252525256,0.0012378688849277084,0.5
-40,13.6,1.1,0.125,0.0005070310952663891,0.01680909090909091,0.01840909090909091,0.009158249158249157,0.5
-40,26,1.1,0.125,0.03881956823133294,0.06465555555555556,0.06775858585858585,0.03347197464844524,0.5
-40,40,1.1,0.125,0.15527827292533175,0.15600909090909088,0.1608090909090909,0.07922360863537334,0.5
20,5,0.75,0.125,0.0,0.0018676767676767676,0.0024252525252525256,0.0012378688849277084,0.5
20,13.6,0.75,0.125,0.0005070310952663891,0.01680909090909091,0.01840909090909091,0.009158249158249157,0.5
20,26,0.75,0.125,0.03881956823133294,0.06465555555555556,0.06775858585858585,0.03347197464844524,0.5
20,40,0.75,0.125,0.15527827292533175,0.15600909090909088,0.1608090909090909,0.07922360863537334,0.5
25,5,,0.125,0.0,0.0018676767676767676,0.0024252525252525256,0.0012378688849277084,0.5
25,13.6,,0.125,0.0005070310952663891,0.01680909090909091,0.01840909090909091,0.009158249158249157,0.5
25,26,,0.125,0.03881956823133294,0.06465555555555556,0.06775858585858585,0.03347197464844524,0.5
25,40,,0.125,0.15527827292533175,0.15600909090909088,0.1608090909090909,0.07922360863537334,0.5
70,5,0.47,0.125,0.0,0.0018676767676767676,0.0024252525252525256,0.0012378688849277084,0.32
70,13.6,0.47,0.125,0.0005070310952663891,0.01680909090909091,0.01840909090909091,0.009158249158249157,0.32
70,26,0.47,0.125,0.03881956823133294,0.06465555555555556,0.06775858585858585,0.03347197464844524,0.32
70,40,0.47,0.125,0.15527827292533175,0.15600909090909088,0.1608090909090909,0.07922360863537334,0.32
85,5,0.36,0.10294117647058823,0.0,0.0018676767676767676,0.0024252525252525256,0.0012378688849277084,0.26
85,13.6,0.36,0.10294117647058823,0.0005070310952663891,0.01680909090909091,0.01840909090909091,0.009158249158249157,0.26
85,26,0.36,0.10294117647058823,0.03881956823133294,0.06465555555555556,0.06775858585858585,0.03347197464844524,0.26
85,40,0.36,0.10294117647058823,0.15527827292533175,0.15600909090909088,0.1608090909090909,0.07922360863537334,0.26
125,5,,0.04411764705882353,0.0,0.0018676767676767676,0.0024252525252525256,0.0012378688849277084,0.1
125,13.6,,0.04411764705882353,0.0005070310952663891,0.01680909090909091,0.01840909090909091,0.009158249158249157,0.1
125,26,,0.04411764705882353,0.03881956823133294,0.06465555555555556,0.06775858585858585,0.03347197464844524,0.1
125,40,,0.04411764705882353,0.15527827292533175,0.15600909090909088,0.1608090909090909,0.07922360863537334,0.1
