load,raw_V,buck_channel_A,buck_input_V,carrier_plus5_V,path_fuse_W,path_pmos_W,path_switch_W,input_OR_diode_W_at_0p55V,output_diode_W_at_0p34V,inductor_DC_loss_W,mode
xiao_c3_RF_example,4.75,0.3566590909090909,3.8836433863636364,3.4811709800000004,0.050882282851239684,0.01106689652014463,0.050882282851239684,0.19616250000000002,0.12126409090909092,0.006380638269545456,conditional dropout arithmetic; no guaranteed buck-loss maximum
xiao_c3_RF_example,5,0.3566590909090909,4.133643386363636,3.73117098,0.050882282851239684,0.01106689652014463,0.050882282851239684,0.19616250000000002,0.12126409090909092,0.006380638269545456,conditional dropout arithmetic; no guaranteed buck-loss maximum
xiao_c3_RF_example,7.5,0.3144926540628786,6.671045015846227,4.66,0.03956225178380537,0.008604789762977665,0.03956225178380537,0.17297095973458324,0.12126409090909092,0.006380638269545456,conditional regulated example eta=.85
xiao_c3_RF_example,9,0.25511526404583856,8.22371276079134,4.66,0.026033519179671172,0.005662290421578479,0.026033519179671172,0.14031339522521122,0.12126409090909092,0.006380638269545456,conditional regulated example eta=.85
xiao_c3_RF_example,13.6,0.1625620605421837,12.905807452299083,4.66,0.01057056941108824,0.0022990988469116917,0.01057056941108824,0.08940913329820104,0.12126409090909092,0.006380638269545456,conditional regulated example eta=.85
wroom_RF_example,4.75,0.3666590909090909,3.8747733863636364,3.47054938,0.05377555557851239,0.011696183338326444,0.05377555557851239,0.2016625,0.1246640909090909,0.006743454669545454,conditional dropout arithmetic; no guaranteed buck-loss maximum
wroom_RF_example,5,0.3666590909090909,4.124773386363636,3.7205493800000005,0.05377555557851239,0.011696183338326444,0.05377555557851239,0.2016625,0.1246640909090909,0.006743454669545454,conditional dropout arithmetic; no guaranteed buck-loss maximum
wroom_RF_example,7.5,0.3237069859778313,6.662871903437663,4.66,0.041914485108340754,0.009116400511064113,0.041914485108340754,0.17803884228780725,0.1246640909090909,0.006743454669545454,conditional regulated example eta=.85
wroom_RF_example,9,0.26247658237291216,8.217183271435227,4.66,0.027557582517665657,0.00599377419759228,0.027557582517665657,0.1443621203051017,0.1246640909090909,0.006743454669545454,conditional regulated example eta=.85
wroom_RF_example,13.6,0.1671729493469184,12.901717593929282,4.66,0.011178717997338938,0.0024313711644212187,0.011178717997338938,0.09194512214080512,0.1246640909090909,0.006743454669545454,conditional regulated example eta=.85
500mA_3v3_stress,4.75,0.5216590909090909,3.7372883863636366,3.3059145800000005,0.10885128285123967,0.023675154020144626,0.10885128285123967,0.2869125,0.17736409090909092,0.013649950869545454,conditional dropout arithmetic; no guaranteed buck-loss maximum
500mA_3v3_stress,5,0.5216590909090909,3.9872883863636366,3.5559145800000005,0.10885128285123967,0.023675154020144626,0.10885128285123967,0.2869125,0.17736409090909092,0.013649950869545454,conditional dropout arithmetic; no guaranteed buck-loss maximum
500mA_3v3_stress,7.5,0.469676480005388,6.533396962235221,4.66,0.08823839834810066,0.01919185164071189,0.08823839834810066,0.2583220640029634,0.17736409090909092,0.013649950869545454,conditional regulated example eta=.85
500mA_3v3_stress,9,0.3781569546696204,8.114574781208045,4.66,0.05720107294600055,0.012441233365755117,0.05720107294600055,0.20798632506829123,0.17736409090909092,0.013649950869545454,conditional regulated example eta=.85
500mA_3v3_stress,13.6,0.2390236983103832,12.837985979598688,4.66,0.022852931341589236,0.004970512566795658,0.022852931341589236,0.13146303407071078,0.17736409090909092,0.013649950869545454,conditional regulated example eta=.85
