chip_rail_load_A,module_total_3v3_A,raw_V,assumed_module_eta,assumed_module_diode_V,module_diode_A,carrier_buck_channel_A,carrier_plus5_V,SGM_VIN_V,SGM_100percent_highside_loss_V_at_0p31ohm,module_TDK_inductor_loss_V_at_20C_DCRmax_0p062ohm,rail_proxy_V_with_HSmax_and_20C_LDCRmax,headroom_vs_3p3_target_excluding_L_DCR_V,headroom_vs_3p0_min_excluding_L_DCR_V,module_diode_W,condition
0.354,0.3746263636363636,4.75,0.9,0.3,0.3746263636363636,0.3756590909090909,3.46098994,3.1609899400000003,0.11613417272727271,0.02322683454545454,3.021628932727273,-0.2551442327272722,0.04485576727272762,0.11238790909090908,"raw<=5: 100percent-duty current proxy, eta unused; raw>5: assumed regulated DC efficiency; actual regulation, ripple, transients and temperatures unverified"
0.354,0.3746263636363636,4.75,0.8,0.5,0.3746263636363636,0.3756590909090909,3.46098994,2.96098994,0.11613417272727271,0.02322683454545454,2.8216289327272728,-0.4551442327272724,-0.15514423272727257,0.1873131818181818,"raw<=5: 100percent-duty current proxy, eta unused; raw>5: assumed regulated DC efficiency; actual regulation, ripple, transients and temperatures unverified"
0.354,0.3746263636363636,5,0.9,0.3,0.3746263636363636,0.3756590909090909,3.71098994,3.4109899400000003,0.11613417272727271,0.02322683454545454,3.271628932727273,-0.005144232727272199,0.2948557672727276,0.11238790909090908,"raw<=5: 100percent-duty current proxy, eta unused; raw>5: assumed regulated DC efficiency; actual regulation, ripple, transients and temperatures unverified"
0.354,0.3746263636363636,5,0.8,0.5,0.3746263636363636,0.3756590909090909,3.71098994,3.21098994,0.11613417272727271,0.02322683454545454,3.0716289327272728,-0.2051442327272724,0.09485576727272745,0.1873131818181818,"raw<=5: 100percent-duty current proxy, eta unused; raw>5: assumed regulated DC efficiency; actual regulation, ripple, transients and temperatures unverified"
0.354,0.3746263636363636,7.5,0.9,0.3,0.3150527522935779,0.27734606244764076,4.66,4.36,0.11613417272727271,0.02322683454545454,3.3,0.9438658272727278,1.2438658272727277,0.09451582568807336,"raw<=5: 100percent-duty current proxy, eta unused; raw>5: assumed regulated DC efficiency; actual regulation, ripple, transients and temperatures unverified"
0.354,0.3746263636363636,7.5,0.8,0.5,0.3714744591346153,0.3291065791578884,4.66,4.16,0.11613417272727271,0.02322683454545454,3.3,0.7438658272727277,1.0438658272727275,0.18573722956730765,"raw<=5: 100percent-duty current proxy, eta unused; raw>5: assumed regulated DC efficiency; actual regulation, ripple, transients and temperatures unverified"
0.354,0.3746263636363636,9,0.9,0.3,0.3150527522935779,0.225370252456088,4.66,4.36,0.11613417272727271,0.02322683454545454,3.3,0.9438658272727278,1.2438658272727277,0.09451582568807336,"raw<=5: 100percent-duty current proxy, eta unused; raw>5: assumed regulated DC efficiency; actual regulation, ripple, transients and temperatures unverified"
0.354,0.3746263636363636,9,0.8,0.5,0.3714744591346153,0.26678713635440904,4.66,4.16,0.11613417272727271,0.02322683454545454,3.3,0.7438658272727277,1.0438658272727275,0.18573722956730765,"raw<=5: 100percent-duty current proxy, eta unused; raw>5: assumed regulated DC efficiency; actual regulation, ripple, transients and temperatures unverified"
0.354,0.3746263636363636,13.6,0.9,0.3,0.3150527522935779,0.14388426271944477,4.66,4.36,0.11613417272727271,0.02322683454545454,3.3,0.9438658272727278,1.2438658272727277,0.09451582568807336,"raw<=5: 100percent-duty current proxy, eta unused; raw>5: assumed regulated DC efficiency; actual regulation, ripple, transients and temperatures unverified"
0.354,0.3746263636363636,13.6,0.8,0.5,0.3714744591346153,0.16987081209876928,4.66,4.16,0.11613417272727271,0.02322683454545454,3.3,0.7438658272727277,1.0438658272727275,0.18573722956730765,"raw<=5: 100percent-duty current proxy, eta unused; raw>5: assumed regulated DC efficiency; actual regulation, ripple, transients and temperatures unverified"
0.5,0.5206263636363636,4.75,0.9,0.3,0.5206263636363636,0.5216590909090909,3.3059145800000005,3.0059145800000007,0.16139417272727272,0.03227883454545454,2.8122415727272734,-0.4554795927272719,-0.15547959272727205,0.15618790909090907,"raw<=5: 100percent-duty current proxy, eta unused; raw>5: assumed regulated DC efficiency; actual regulation, ripple, transients and temperatures unverified"
0.5,0.5206263636363636,4.75,0.8,0.5,0.5206263636363636,0.5216590909090909,3.3059145800000005,2.8059145800000005,0.16139417272727272,0.03227883454545454,2.612241572727273,-0.6554795927272721,-0.35547959272727225,0.2603131818181818,"raw<=5: 100percent-duty current proxy, eta unused; raw>5: assumed regulated DC efficiency; actual regulation, ripple, transients and temperatures unverified"
0.5,0.5206263636363636,5,0.9,0.3,0.5206263636363636,0.5216590909090909,3.5559145800000005,3.2559145800000007,0.16139417272727272,0.03227883454545454,3.0622415727272734,-0.20547959272727187,0.09452040727272795,0.15618790909090907,"raw<=5: 100percent-duty current proxy, eta unused; raw>5: assumed regulated DC efficiency; actual regulation, ripple, transients and temperatures unverified"
0.5,0.5206263636363636,5,0.8,0.5,0.5206263636363636,0.5216590909090909,3.5559145800000005,3.0559145800000005,0.16139417272727272,0.03227883454545454,2.862241572727273,-0.4054795927272721,-0.10547959272727223,0.2603131818181818,"raw<=5: 100percent-duty current proxy, eta unused; raw>5: assumed regulated DC efficiency; actual regulation, ripple, transients and temperatures unverified"
0.5,0.5206263636363636,7.5,0.9,0.3,0.4378356269113149,0.3909574837257199,4.66,4.36,0.16139417272727272,0.03227883454545454,3.3,0.8986058272727278,1.1986058272727276,0.13135068807339445,"raw<=5: 100percent-duty current proxy, eta unused; raw>5: assumed regulated DC efficiency; actual regulation, ripple, transients and temperatures unverified"
0.5,0.5206263636363636,7.5,0.8,0.5,0.5162460937499999,0.46546666455815006,4.66,4.16,0.16139417272727272,0.03227883454545454,3.3,0.6986058272727276,0.9986058272727274,0.25812304687499993,"raw<=5: 100percent-duty current proxy, eta unused; raw>5: assumed regulated DC efficiency; actual regulation, ripple, transients and temperatures unverified"
0.5,0.5206263636363636,9,0.9,0.3,0.4378356269113149,0.3159937670999016,4.66,4.36,0.16139417272727272,0.03227883454545454,3.3,0.8986058272727278,1.1986058272727276,0.13135068807339445,"raw<=5: 100percent-duty current proxy, eta unused; raw>5: assumed regulated DC efficiency; actual regulation, ripple, transients and temperatures unverified"
0.5,0.5206263636363636,9,0.8,0.5,0.5162460937499999,0.3748459796773153,4.66,4.16,0.16139417272727272,0.03227883454545454,3.3,0.6986058272727276,0.9986058272727274,0.25812304687499993,"raw<=5: 100percent-duty current proxy, eta unused; raw>5: assumed regulated DC efficiency; actual regulation, ripple, transients and temperatures unverified"
0.5,0.5206263636363636,13.6,0.9,0.3,0.4378356269113149,0.20055602339864603,4.66,4.36,0.16139417272727272,0.03227883454545454,3.3,0.8986058272727278,1.1986058272727276,0.13135068807339445,"raw<=5: 100percent-duty current proxy, eta unused; raw>5: assumed regulated DC efficiency; actual regulation, ripple, transients and temperatures unverified"
0.5,0.5206263636363636,13.6,0.8,0.5,0.5162460937499999,0.23698325337807433,4.66,4.16,0.16139417272727272,0.03227883454545454,3.3,0.6986058272727276,0.9986058272727274,0.25812304687499993,"raw<=5: 100percent-duty current proxy, eta unused; raw>5: assumed regulated DC efficiency; actual regulation, ripple, transients and temperatures unverified"
