"Comment","Designator","Footprint","LCSC Part #","MPN","Manufacturer","Quantity"
"1u","C2","Capacitor_SMD:C_0805_2012Metric","C91185","CC0805KKX7R9BB105","Yageo","1"
"10u 50V X7R","C9","Capacitor_SMD:C_1206_3216Metric","C303950","1206B106K500NT","FH","1"
"100n 50V X7R","C10","Capacitor_SMD:C_0603_1608Metric","C286510","0603B104M500NT","FH","1"
"100n 50V X8L","C15","Capacitor_SMD:C_0603_1608Metric","C161181","GCM188L81H104KA57","Murata","1"
"100n","C1,C3,C4,C5,C6,C7,C12,C14","Capacitor_SMD:C_0805_2012Metric","C106243","CC0805KKX7R0BB104","Yageo","8"
"10u 25V X5R","C11,C13","Capacitor_SMD:C_0805_2012Metric","C15850","CL21A106KAYNNNE","Samsung","2"
"22u 25V X7R","C16,C17","Capacitor_SMD:C_1210_3225Metric","C309062","CL32B226KAJNNNE","Samsung Electro-Mechanics","2"
"100pF","C18,C19","Capacitor_SMD:C_0402_1005Metric","C1546","0402CG101J500NT","FH","2"
"1u 50V X7R","C20,C21","Capacitor_SMD:C_0805_2012Metric","C91185","CC0805KKX7R9BB105","Yageo","2"
"22nF","C22,C23","Capacitor_SMD:C_0402_1005Metric","C1532","0402B223K500NT","FH","2"
"100nF","C24,C25","Capacitor_SMD:C_0805_2012Metric","C106243","CC0805KKX7R0BB104","Yageo","2"
"GRN","D4","LED_SMD:LED_0805_2012Metric","C2297","KT-0805G","Hubei KENTO Elec","1"
"RED","D5","LED_SMD:LED_0805_2012Metric","C84256","NCD0805R1","Foshan NationStar Optoelectronics","1"
"YLW","D6","LED_SMD:LED_0805_2012Metric","C2296","KT-0805Y","Hubei KENTO Elec","1"
"SMF16A","D18","Diode_SMD:D_SOD-123F","C399290","SMF16A","SUNMATE Elec","1"
"BAV99","D1,D2,D3,D9","Package_TO_SOT_SMD:SOT-23","C2500","BAV99,215","Nexperia","4"
"PMEG2010ER","D11,D19","Diode_SMD:Nexperia_CFP3_SOD-123W","C82288","PMEG2010ER,115","Nexperia","2"
"MBR0540-TP","D14,D15,D16,D17","Diode_SMD:D_SOD-123","C78744","MBR0540-TP","MCC","4"
"MF-MSMF075/24-2","F1,F2","Fuse:Fuse_1812_4532Metric","C208467","MF-MSMF075/24-2","Bourns","2"
"8P8C","J1","OnionStraws:RJ45_EVERCOM_5301-8P8C_Horizontal","C3097717","5301-8P8C","EVERCOM","1"
"RECOVERY","J2","OnionStraws:Recovery_Header_2x3_P2.54mm_Vertical","C42391552","HX PZ-2.54-02-03-S-PB3.2","hanxia","1"
"4.7uH","L1","Inductor_SMD:L_Panasonic_PCC-M0530M","C412309","ETQP3M4R7KVP","Panasonic Industry","1"
"MMBT3904","Q5","Package_TO_SOT_SMD:SOT-23","C20526","MMBT3904","Jiangsu Changjing","1"
"CJ3407","Q3,Q4","Package_TO_SOT_SMD:SOT-23","C15903","CJ3407","Jiangsu Changjing","2"
"4K7","R22","Resistor_SMD:R_0805_2012Metric","C17673","0805W8F4701T5E","UNI-ROYAL","1"
"10K","R1,R2,R3,R5,R14,R15,R16,R17,R19,R20","Resistor_SMD:R_0805_2012Metric","C17414","0805W8F1002T5E","UNI-ROYAL","10"
"1K","R10,R11,R12,R13,R23,R24,R25","Resistor_SMD:R_0805_2012Metric","C17513","0805W8F1001T5E","UNI-ROYAL","7"
"220k","R18,R21","Resistor_SMD:R_0805_2012Metric","C104108","RTT052203FTP","RALEC","2"
"5.1k","R31,R32","Resistor_SMD:R_0805_2012Metric","C27834","0805W8F5101T5E","UNI-ROYAL","2"
"51R","R33,R34","Resistor_SMD:R_0805_2012Metric","C17738","0805W8F510JT5E","UNI-ROYAL","2"
"10k","R35,R36,R37","Resistor_SMD:R_0805_2012Metric","C17414","0805W8F1002T5E","UNI-ROYAL","3"
"220","R4,R6,R7","Resistor_SMD:R_0805_2012Metric","C17557","0805W8F2200T5E","UNI-ROYAL","3"
"XIAO ESP32-C3 v1.3 (22-pad)","U2","GEA_XIAO:XIAO-ESP32-C3-v1.3-SMD","C18212168","113991054","Seeed Studio","1"
"74LVC2G07","U4","Package_TO_SOT_SMD:SOT-23-6","C151607","74LVC2G07W6-7","Diodes Incorporated","1"
"74LVC2G07_3v3","U5","Package_TO_SOT_SMD:SOT-23-6","C151607","74LVC2G07W6-7","Diodes Incorporated","1"
"AP63205WU","U8","Package_TO_SOT_SMD:TSOT-23-6","C2071056","AP63205WU-7","Diodes Incorporated","1"
"TPS22810DBVR","U9,U10","Package_TO_SOT_SMD:SOT-23-6","C205990","TPS22810DBVR","Texas Instruments","2"
