Ref,Val,Package,PosX,PosY,Rot,Side
"C1","100n","C_0805_2012Metric",33.000000,-15.500000,0.000000,top
"C2","1u","C_0805_2012Metric",83.000000,-24.000000,0.000000,top
"C3","100n","C_0805_2012Metric",88.000000,-24.000000,0.000000,top
"C4","100n","C_0805_2012Metric",33.000000,-22.000000,180.000000,top
"C5","100n","C_0805_2012Metric",83.000000,-28.000000,0.000000,top
"C6","100n","C_0805_2012Metric",88.000000,-28.000000,0.000000,top
"C7","100n","C_0805_2012Metric",93.000000,-28.000000,0.000000,top
"C9","10u 50V X7R","C_1206_3216Metric",49.500000,-34.000000,180.000000,top
"C10","100n 50V X7R","C_0603_1608Metric",50.000000,-37.000000,0.000000,top
"C11","10u 25V X5R","C_0805_2012Metric",81.000000,-38.000000,0.000000,top
"C12","100n","C_0805_2012Metric",30.000000,-37.000000,0.000000,top
"C13","10u 25V X5R","C_0805_2012Metric",93.000000,-24.000000,0.000000,top
"C14","100n","C_0805_2012Metric",88.000000,-34.000000,0.000000,top
"C15","100n 50V X8L","C_0603_1608Metric",57.000000,-31.300000,0.000000,top
"C16","22u 25V X7R","C_1210_3225Metric",66.500000,-33.500000,90.000000,top
"C17","22u 25V X7R","C_1210_3225Metric",70.500000,-33.500000,90.000000,top
"C18","100pF","C_0402_1005Metric",55.000000,-3.000000,0.000000,top
"C19","100pF","C_0402_1005Metric",55.000000,-17.500000,0.000000,top
"C20","1u 50V X7R","C_0805_2012Metric",60.800000,-8.000000,-90.000000,top
"C21","1u 50V X7R","C_0805_2012Metric",60.800000,-22.500000,-90.000000,top
"C22","22nF","C_0402_1005Metric",66.800000,-10.500000,0.000000,top
"C23","22nF","C_0402_1005Metric",66.800000,-25.000000,0.000000,top
"C24","100nF","C_0805_2012Metric",68.000000,-7.000000,0.000000,top
"C25","100nF","C_0805_2012Metric",68.000000,-21.500000,0.000000,top
"D1","BAV99","SOT-23",22.000000,-9.000000,0.000000,top
"D2","BAV99","SOT-23",22.000000,-15.500000,0.000000,top
"D3","BAV99","SOT-23",22.000000,-22.000000,0.000000,top
"D4","GRN","LED_0805_2012Metric",84.000000,-26.000000,0.000000,top
"D5","RED","LED_0805_2012Metric",84.000000,-30.000000,0.000000,top
"D6","YLW","LED_0805_2012Metric",88.000000,-26.000000,0.000000,top
"D9","BAV99","SOT-23",35.000000,-19.000000,0.000000,top
"D11","PMEG2010ER","Nexperia_CFP3_SOD-123W",76.000000,-37.000000,0.000000,top
"D14","MBR0540-TP","D_SOD-123",73.000000,-8.000000,0.000000,top
"D15","MBR0540-TP","D_SOD-123",73.000000,-22.500000,0.000000,top
"D16","MBR0540-TP","D_SOD-123",60.000000,-3.000000,0.000000,top
"D17","MBR0540-TP","D_SOD-123",60.000000,-17.500000,0.000000,top
"D18","SMF16A","D_SOD-123F",58.000000,-14.000000,0.000000,top
"D19","PMEG2010ER","Nexperia_CFP3_SOD-123W",29.000000,-33.500000,0.000000,top
"F1","MF-MSMF075/24-2","Fuse_1812_4532Metric",44.000000,-21.500000,0.000000,top
"F2","MF-MSMF075/24-2","Fuse_1812_4532Metric",44.000000,-7.000000,0.000000,top
"J1","8P8C","RJ45_EVERCOM_5301-8P8C_Horizontal",13.970000,-12.550000,-90.000000,top
"J2","RECOVERY","Recovery_Header_2x3_P2.54mm_Vertical",20.000000,-32.000000,0.000000,top
"L1","4.7uH","L_Panasonic_PCC-M0530M",60.200000,-36.000000,0.000000,top
"Q3","CJ3407","SOT-23",52.000000,-7.000000,0.000000,top
"Q4","CJ3407","SOT-23",52.000000,-21.500000,0.000000,top
"Q5","MMBT3904","SOT-23",57.000000,-25.000000,0.000000,top
"R1","10K","R_0805_2012Metric",28.000000,-7.000000,0.000000,top
"R2","10K","R_0805_2012Metric",32.000000,-4.000000,0.000000,top
"R3","10K","R_0805_2012Metric",36.000000,-4.000000,0.000000,top
"R4","220","R_0805_2012Metric",78.000000,-26.000000,0.000000,top
"R5","10K","R_0805_2012Metric",40.000000,-4.000000,0.000000,top
"R6","220","R_0805_2012Metric",78.000000,-30.000000,0.000000,top
"R7","220","R_0805_2012Metric",88.000000,-30.000000,0.000000,top
"R10","1K","R_0805_2012Metric",35.000000,-13.000000,0.000000,top
"R11","1K","R_0805_2012Metric",38.000000,-15.000000,0.000000,top
"R12","1K","R_0805_2012Metric",25.000000,-3.000000,0.000000,top
"R13","1K","R_0805_2012Metric",39.000000,-11.500000,0.000000,top
"R14","10K","R_0805_2012Metric",43.000000,-13.000000,0.000000,top
"R15","10K","R_0805_2012Metric",43.000000,-16.000000,0.000000,top
"R16","10K","R_0805_2012Metric",32.000000,-10.000000,0.000000,top
"R17","10K","R_0805_2012Metric",43.000000,-10.000000,0.000000,top
"R18","220k","R_0805_2012Metric",39.000000,-19.000000,0.000000,top
"R19","10K","R_0805_2012Metric",39.000000,-22.500000,0.000000,top
"R20","10K","R_0805_2012Metric",35.000000,-26.000000,0.000000,top
"R21","220k","R_0805_2012Metric",39.000000,-26.000000,0.000000,top
"R22","4K7","R_0805_2012Metric",43.000000,-25.000000,0.000000,top
"R23","1K","R_0805_2012Metric",25.000000,-26.000000,0.000000,top
"R24","1K","R_0805_2012Metric",38.000000,-7.500000,0.000000,top
"R25","1K","R_0805_2012Metric",44.000000,-27.500000,0.000000,top
"R31","5.1k","R_0805_2012Metric",50.000000,-3.000000,0.000000,top
"R32","5.1k","R_0805_2012Metric",50.000000,-17.500000,0.000000,top
"R33","51R","R_0805_2012Metric",65.000000,-5.000000,0.000000,top
"R34","51R","R_0805_2012Metric",69.000000,-16.000000,0.000000,top
"R35","10k","R_0805_2012Metric",63.000000,-15.000000,0.000000,top
"R36","10k","R_0805_2012Metric",63.000000,-29.000000,0.000000,top
"R37","10k","R_0805_2012Metric",52.000000,-25.000000,0.000000,top
"U2","XIAO ESP32-C3 v1.3 (22-pad)","XIAO-ESP32-C3-v1.3-SMD",77.390000,-4.000000,-90.000000,top
"U4","74LVC2G07","SOT-23-6",29.000000,-15.500000,0.000000,top
"U5","74LVC2G07_3v3","SOT-23-6",29.000000,-22.000000,0.000000,top
"U8","AP63205WU","TSOT-23-6",54.000000,-34.000000,0.000000,top
"U9","TPS22810DBVR","SOT-23-6",64.000000,-8.000000,0.000000,top
"U10","TPS22810DBVR","SOT-23-6",64.000000,-22.500000,0.000000,top
